event_id,customer_id,event_type,event_timestamp,device_type,device_id,ip_address,session_id
EVT00000001,C0001,balance_check,2024-01-15T10:00:00.000Z,Mobile,Chrome Browser,163.229.23.18,SES009964
EVT00000002,C0001,login,2024-01-15T10:00:01.000Z,,Safari,164.186.96.22,SES006903
EVT00000003,C0001,balance_check,2024-01-15T10:00:02.000Z,,Samsung Galaxy S23,216.163.11.142,SES001159
EVT00000004,C0001,transfer,2024-01-15T10:00:03.000Z,Tablet,iPhone 14,127.121.219.201,SES004319
EVT00000005,C0001,profile_update,2024-01-15T10:00:04.000Z,Desktop,Safari,101.194.170.90,SES008780
EVT00000006,C0001,loan_apply,2024-01-15T10:00:05.000Z,Desktop,iPhone 14,235.57.92.67,SES009067
EVT00000007,C0001,statement_download,2024-01-15T10:00:06.000Z,Desktop,Safari,210.10.190.135,SES003275
EVT00000008,C0001,logout,2024-01-15T10:00:07.000Z,,Safari,241.92.112.31,SES002000
EVT00000009,C0002,beneficiary_add,2024-01-15T10:00:00.000Z,Desktop,,187.101.253.11,SES005038
EVT00000010,C0002,transfer,2024-01-15T10:00:01.000Z,Mobile,Samsung Galaxy S23,61.222.141.83,SES009467
EVT00000011,C0002,statement_download,2024-01-15T10:00:02.000Z,Mobile,iPhone 14,160.39.86.155,SES007115
EVT00000012,C0002,profile_update,2024-01-15T10:00:03.000Z,,Chrome Browser,97.230.190.193,SES000897
EVT00000013,C0002,card_block,2024-01-15T10:00:04.000Z,Tablet,Chrome Browser,108.148.33.5,SES008963
EVT00000014,C0002,beneficiary_add,2024-01-15T10:00:05.000Z,,,116.189.7.231,SES009123
EVT00000015,C0002,logout,2024-01-15T10:00:06.000Z,Desktop,Chrome Browser,174.252.219.24,SES006519
EVT00000016,C0002,transfer,2024-01-15T10:00:07.000Z,,Safari,159.176.50.141,SES007319
EVT00000017,C0003,beneficiary_add,2024-01-15T10:00:00.000Z,,iOS App,190.164.170.230,SES002137
EVT00000018,C0003,balance_check,2024-01-15T10:00:01.000Z,Tablet,Chrome Browser,126.62.63.253,SES007865
EVT00000019,C0003,bill_pay,2024-01-15T10:00:02.000Z,,,203.227.95.228,SES000459
EVT00000020,C0003,card_block,2024-01-15T10:00:03.000Z,Mobile,,129.106.20.185,SES004198
EVT00000021,C0003,profile_update,2024-01-15T10:00:04.000Z,Tablet,iOS App,232.159.233.240,SES003501
EVT00000022,C0003,loan_apply,2024-01-15T10:00:05.000Z,Mobile,iOS App,102.72.27.157,SES005667
EVT00000023,C0003,balance_check,2024-01-15T10:00:06.000Z,Desktop,Android App,115.95.238.53,SES008247
EVT00000024,C0003,transfer,2024-01-15T10:00:07.000Z,,Android App,72.222.137.43,SES008836
EVT00000025,C0004,bill_pay,2024-01-15T10:00:00.000Z,Tablet,Samsung Galaxy S23,67.96.162.93,SES001925
EVT00000026,C0004,balance_check,2024-01-15T10:00:01.000Z,Mobile,Android App,241.111.142.168,SES003595
EVT00000027,C0004,loan_apply,2024-01-15T10:00:02.000Z,Desktop,Samsung Galaxy S23,219.205.139.16,SES002798
EVT00000028,C0004,beneficiary_add,2024-01-15T10:00:03.000Z,Desktop,Android App,143.102.59.135,SES003700
EVT00000029,C0004,beneficiary_add,2024-01-15T10:00:04.000Z,Mobile,Chrome Browser,181.219.90.17,SES007351
EVT00000030,C0004,profile_update,2024-01-15T10:00:05.000Z,Desktop,Android App,103.161.215.40,SES005028
EVT00000031,C0004,beneficiary_add,2024-01-15T10:00:06.000Z,Desktop,Samsung Galaxy S23,218.116.160.227,SES004360
EVT00000032,C0004,balance_check,2024-01-15T10:00:07.000Z,Desktop,Chrome Browser,109.95.90.30,SES004030
EVT00000033,C0005,profile_update,2024-01-15T10:00:00.000Z,,Chrome Browser,115.33.41.16,SES000981
EVT00000034,C0005,loan_apply,2024-01-15T10:00:01.000Z,,Samsung Galaxy S23,145.101.61.232,SES003285
EVT00000035,C0005,logout,2024-01-15T10:00:02.000Z,Tablet,Samsung Galaxy S23,61.247.40.185,SES001134
EVT00000036,C0005,beneficiary_add,2024-01-15T10:00:03.000Z,Mobile,iPhone 14,120.147.220.60,SES000085
EVT00000037,C0005,transfer,2024-01-15T10:00:04.000Z,Mobile,,155.57.12.98,SES002950
EVT00000038,C0005,login,2024-01-15T10:00:05.000Z,Tablet,Samsung Galaxy S23,174.107.193.178,SES008809
EVT00000039,C0005,logout,2024-01-15T10:00:06.000Z,Desktop,iOS App,96.198.122.226,SES001723
EVT00000040,C0005,login,2024-01-15T10:00:07.000Z,Desktop,Android App,63.6.229.52,SES003394
EVT00000041,C0167,transfer,2024-05-13T16:22:59.000Z,,iOS App,172.172.209.206,SES003759
EVT00000042,C0012,balance_check,2024-05-01T03:04:05.000Z,Mobile,Safari,86.2.184.163,SES007727
EVT00000043,C0340,profile_update,2024-01-17T02:04:35.000Z,Mobile,Chrome Browser,96.215.210.173,SES003493
EVT00000044,C0029,card_block,2024-03-16T10:41:15.000Z,Desktop,iOS App,148.112.14.174,SES009322
EVT00000045,C0583,login,2024-06-04T13:59:50.000Z,Tablet,Samsung Galaxy S23,28.254.153.100,SES006381
EVT00000046,C0534,card_block,2024-05-04T14:03:02.000Z,Mobile,Android App,47.41.105.115,SES007265
EVT00000047,C0993,beneficiary_add,2024-04-03T09:01:28.000Z,Desktop,iPhone 14,154.125.166.110,SES004579
EVT00000048,C0174,loan_apply,2024-06-20T10:27:10.000Z,Tablet,Chrome Browser,69.93.66.109,SES005670
EVT00000049,C0274,"""""",2024-02-08T09:56:08.000Z,Mobile,,16.66.131.179,SES001673
EVT00000050,C0752,login,2024-02-25T23:24:18.000Z,Desktop,iOS App,13.162.94.24,SES005961
EVT00000051,C0342,transfer,2024-03-15T02:57:07.000Z,Tablet,,218.27.40.9,SES005988
EVT00000052,C0043,lgout,2024-05-24T08:37:06.000Z,Desktop,Samsung Galaxy S23,54.248.135.120,SES006663
EVT00000053,C0320,loan_apply,2024-01-15T07:34:46.000Z,,iOS App,8.45.147.90,SES004392
EVT00000054,C0390,login,2024-03-11T07:51:06.000Z,Tablet,iOS App,42.69.38.236,SES003517
EVT00000055,C0664,card_block,2024-01-16T11:06:11.000Z,Tablet,Samsung Galaxy S23,62.102.94.22,SES008320
EVT00000056,C0490,profile_update,2024-04-28T14:44:57.000Z,,Chrome Browser,34.92.92.99,SES006659
EVT00000057,C0603,bill_pay,2024-05-17T21:54:09.000Z,Desktop,iOS App,239.52.13.36,SES004475
EVT00000058,C0519,balance_check,2024-05-09T06:34:52.000Z,,iOS App,2.201.243.127,SES006826
EVT00000059,C0849,profile_update,2024-01-23T03:17:09.000Z,Mobile,Safari,164.177.61.83,SES008087
EVT00000060,C0920,balance_check,2024-05-17T15:30:55.000Z,Tablet,iOS App,61.63.105.226,SES002591
EVT00000061,C0812,profile_update,2024-03-25T07:41:14.000Z,Tablet,Chrome Browser,29.238.142.133,SES004393
EVT00000062,C0334,lgout,2024-06-05T06:05:34.000Z,Mobile,Android App,199.92.235.67,SES002806
EVT00000063,C0123,card_block,2024-03-02T16:29:51.000Z,Desktop,Android App,44.179.83.117,SES002437
EVT00000064,C0317,login,2024-04-11T01:27:39.000Z,Tablet,,173.7.243.63,SES000926
EVT00000065,C0374,logout,2024-03-08T22:49:59.000Z,Mobile,iOS App,215.176.204.232,SES005391
EVT00000066,C0141,loan_apply,2024-06-05T23:32:57.000Z,,,221.244.170.145,SES007024
EVT00000067,C0005,bill_pay,2024-04-15T02:33:05.000Z,Tablet,Android App,193.15.21.214,SES008057
EVT00000068,C0413,beneficiary_add,2024-02-20T00:28:59.000Z,Tablet,Safari,236.84.65.1,SES001678
EVT00000069,C0309,card_block,2024-04-01T20:44:28.000Z,Tablet,iOS App,240.110.188.234,SES001457
EVT00000070,C0247,beneficiary_add,2024-06-21T11:56:25.000Z,Desktop,Samsung Galaxy S23,207.163.107.149,SES002748
EVT00000071,C0583,bill_pay,2024-06-09T14:58:46.000Z,Tablet,Chrome Browser,244.88.209.172,SES004710
EVT00000072,C0152,logout,2024-06-04T00:53:53.000Z,Mobile,Android App,255.0.156.189,SES008635
EVT00000073,C0073,login,2024-06-04T07:14:19.000Z,Mobile,Samsung Galaxy S23,13.92.174.21,SES009302
EVT00000074,C0397,transfer,2024-06-27T01:29:28.000Z,Tablet,,214.91.187.216,SES009706
EVT00000075,C0987,login,2024-04-02T19:20:05.000Z,Desktop,,49.34.88.184,SES005918
EVT00000076,C0730,bill_pay,2024-05-11T11:38:45.000Z,,Android App,128.114.201.187,SES004077
EVT00000077,C0823,card_block,2024-03-08T10:09:04.000Z,Mobile,Chrome Browser,176.98.39.156,SES005705
EVT00000078,C0652,profile_update,2024-01-12T08:56:45.000Z,Tablet,iOS App,210.137.87.222,SES000604
EVT00000079,C0367,lgout,2024-05-25T06:10:24.000Z,Mobile,Chrome Browser,252.230.62.49,SES003573
EVT00000080,C0753,logout,2024-02-12T06:14:46.000Z,Mobile,Android App,61.233.21.166,SES005090
EVT00000081,C0477,bill_pay,2024-04-20T18:54:39.000Z,Tablet,,0.53.115.58,SES000170
EVT00000082,C0449,login,2024-03-09T20:57:34.000Z,Mobile,Samsung Galaxy S23,84.31.186.51,SES003508
EVT00000083,C0449,null,2024-04-15T02:19:27.000Z,Mobile,,24.72.254.237,SES006824
EVT00000084,C0353,profile_update,2024-03-17T03:08:18.000Z,Tablet,Safari,92.86.153.242,SES002010
EVT00000085,C0185,card_block,2024-03-10T18:30:13.000Z,Tablet,Samsung Galaxy S23,171.205.187.147,SES007492
EVT00000086,C0271,logout,2024-01-27T00:19:09.000Z,Desktop,Chrome Browser,80.121.252.206,SES001731
EVT00000087,C0777,login,2024-03-04T10:43:16.000Z,Mobile,Android App,67.213.103.74,SES003309
EVT00000088,C0309,beneficiary_add,2024-02-04T01:00:13.000Z,Mobile,,224.217.76.165,SES008998
EVT00000089,C0246,beneficiary_add,2024-04-22T17:21:56.000Z,Desktop,iPhone 14,215.20.253.102,SES001718
EVT00000090,C0797,statement_download,2024-06-04T05:10:08.000Z,Mobile,iOS App,188.54.246.189,SES001624
EVT00000091,C0870,bill_pay,2024-02-12T06:26:16.000Z,,iPhone 14,221.207.17.30,SES007017
EVT00000092,C0088,beneficiary_add,2024-04-09T13:07:51.000Z,Tablet,Safari,204.111.177.82,SES000994
EVT00000093,C0063,transfer,2024-06-16T17:43:39.000Z,Tablet,Safari,211.210.154.40,SES000538
EVT00000094,C0597,statement_download,2024-02-04T21:02:30.000Z,Tablet,Chrome Browser,149.30.162.147,SES009632
EVT00000095,C0944,statement_download,2024-06-03T19:37:42.000Z,Tablet,Safari,199.155.103.43,SES000710
EVT00000096,C0973,loan_apply,2024-03-01T05:19:05.000Z,Mobile,Safari,235.248.202.137,SES000918
EVT00000097,C0406,loan_apply,2024-03-01T16:37:29.000Z,Tablet,Samsung Galaxy S23,125.236.132.171,SES003221
EVT00000098,C0284,beneficiary_add,2024-05-03T12:44:18.000Z,Mobile,Samsung Galaxy S23,121.16.92.139,SES009673
EVT00000099,C0090,loan_apply,2024-05-01T20:29:53.000Z,Tablet,iOS App,159.95.81.61,SES008228
EVT00000100,C0964,bill_pay,2024-03-20T05:17:20.000Z,Tablet,Chrome Browser,34.223.220.139,SES000659
EVT00000101,C0006,balance_check,2024-01-24T10:00:00.000Z,Desktop,iOS App,188.241.14.200,SES001377
EVT00000102,C0006,logout,2024-01-24T10:00:01.000Z,Tablet,iOS App,57.100.18.150,SES001470
EVT00000103,C0006,login,2024-01-24T10:00:02.000Z,Tablet,,87.10.75.69,SES007656
EVT00000104,C0006,card_block,2024-01-24T10:00:03.000Z,Desktop,,176.103.201.114,SES003644
EVT00000105,C0006,profile_update,2024-01-24T10:00:04.000Z,Tablet,Safari,252.83.79.201,SES005462
EVT00000106,C0006,balance_check,2024-01-24T10:00:05.000Z,Desktop,Safari,218.148.24.92,SES004977
EVT00000107,C0006,login,2024-01-24T10:00:06.000Z,,iOS App,52.33.186.224,SES005475
EVT00000108,C0006,login,2024-01-24T10:00:07.000Z,Desktop,,7.130.43.141,SES008774
EVT00000109,C0007,transfer,2024-01-20T10:00:00.000Z,,iPhone 14,252.169.80.129,SES009387
EVT00000110,C0007,bill_pay,2024-01-20T10:00:01.000Z,Mobile,Safari,33.238.142.81,SES005650
EVT00000111,C0007,card_block,2024-01-20T10:00:02.000Z,Mobile,iPhone 14,249.163.199.58,SES001919
EVT00000112,C0007,logout,2024-01-20T10:00:03.000Z,Mobile,Android App,97.184.168.241,SES002663
EVT00000113,C0007,balance_check,2024-01-20T10:00:04.000Z,Mobile,iPhone 14,168.240.38.58,SES000176
EVT00000114,C0007,profile_update,2024-01-20T10:00:05.000Z,Desktop,Android App,171.63.189.218,SES005275
EVT00000115,C0007,transfer,2024-01-20T10:00:06.000Z,Mobile,Safari,69.8.152.82,SES002282
EVT00000116,C0007,bill_pay,2024-01-20T10:00:07.000Z,Tablet,iPhone 14,159.89.22.37,SES000910
EVT00000117,C0008,transfer,2024-01-29T10:00:00.000Z,Mobile,iPhone 14,52.41.206.129,SES006766
EVT00000118,C0008,card_block,2024-01-29T10:00:01.000Z,Mobile,Samsung Galaxy S23,199.188.13.181,SES000110
EVT00000119,C0008,profile_update,2024-01-29T10:00:02.000Z,Desktop,Android App,60.44.4.158,SES000372
EVT00000120,C0008,beneficiary_add,2024-01-29T10:00:03.000Z,,Samsung Galaxy S23,29.73.254.242,SES001184
EVT00000121,C0008,logout,2024-01-29T10:00:04.000Z,Desktop,Android App,125.79.243.2,SES000753
EVT00000122,C0008,transfer,2024-01-29T10:00:05.000Z,,Chrome Browser,127.220.87.36,SES006196
EVT00000123,C0008,beneficiary_add,2024-01-29T10:00:06.000Z,Mobile,iOS App,140.207.169.148,SES002131
EVT00000124,C0008,beneficiary_add,2024-01-29T10:00:07.000Z,Mobile,Chrome Browser,82.94.247.184,SES005530
EVT00000125,C0009,bill_pay,2024-01-21T10:00:00.000Z,Desktop,iPhone 14,38.15.15.220,SES002696
EVT00000126,C0009,card_block,2024-01-21T10:00:01.000Z,Desktop,iPhone 14,176.42.213.5,SES004025
EVT00000127,C0009,beneficiary_add,2024-01-21T10:00:02.000Z,Mobile,Android App,177.18.236.231,SES004075
EVT00000128,C0009,card_block,2024-01-21T10:00:03.000Z,Desktop,Chrome Browser,150.244.66.33,SES007224
EVT00000129,C0009,beneficiary_add,2024-01-21T10:00:04.000Z,Tablet,iPhone 14,175.233.53.220,SES001266
EVT00000130,C0009,card_block,2024-01-21T10:00:05.000Z,Mobile,iPhone 14,24.80.93.94,SES001165
EVT00000131,C0009,bill_pay,2024-01-21T10:00:06.000Z,Desktop,Safari,18.83.151.96,SES000661
EVT00000132,C0009,card_block,2024-01-21T10:00:07.000Z,Mobile,Samsung Galaxy S23,199.64.193.185,SES003381
EVT00000133,C0010,card_block,2024-01-26T10:00:00.000Z,Desktop,iOS App,205.203.132.33,SES002055
EVT00000134,C0010,login,2024-01-26T10:00:01.000Z,,Android App,160.112.129.239,SES002281
EVT00000135,C0010,card_block,2024-01-26T10:00:02.000Z,Mobile,Safari,238.122.71.22,SES002342
EVT00000136,C0010,login,2024-01-26T10:00:03.000Z,Mobile,Safari,169.2.20.42,SES005819
EVT00000137,C0010,loan_apply,2024-01-26T10:00:04.000Z,,Android App,149.182.177.185,SES001544
EVT00000138,C0010,transfer,2024-01-26T10:00:05.000Z,Desktop,iOS App,171.93.211.238,SES004141
EVT00000139,C0010,statement_download,2024-01-26T10:00:06.000Z,,Android App,183.85.103.89,SES006086
EVT00000140,C0010,profile_update,2024-01-26T10:00:07.000Z,Mobile,Safari,29.79.177.255,SES002449
EVT00000141,C0011,login,2024-01-25T10:00:00.000Z,Mobile,Android App,39.206.171.201,SES002393
EVT00000142,C0011,profile_update,2024-01-25T10:00:01.000Z,Tablet,Samsung Galaxy S23,213.23.222.241,SES009814
EVT00000143,C0011,beneficiary_add,2024-01-25T10:00:02.000Z,,iOS App,231.207.135.81,SES004021
EVT00000144,C0011,transfer,2024-01-25T10:00:03.000Z,Mobile,iOS App,176.75.143.54,SES005506
EVT00000145,C0011,balance_check,2024-01-25T10:00:04.000Z,,,183.149.21.244,SES006655
EVT00000146,C0011,transfer,2024-01-25T10:00:05.000Z,Mobile,Safari,19.8.150.113,SES005178
EVT00000147,C0011,beneficiary_add,2024-01-25T10:00:06.000Z,Tablet,Samsung Galaxy S23,112.15.120.199,SES006380
EVT00000148,C0011,beneficiary_add,2024-01-25T10:00:07.000Z,Mobile,Safari,73.178.95.66,SES008629
EVT00000149,C0012,balance_check,2024-01-28T10:00:00.000Z,Desktop,Samsung Galaxy S23,190.151.169.225,SES008830
EVT00000150,C0012,loan_apply,2024-01-28T10:00:01.000Z,Desktop,Samsung Galaxy S23,191.61.97.109,SES007397
EVT00000151,C0012,logout,2024-01-28T10:00:02.000Z,,iOS App,11.111.255.183,SES007398
EVT00000152,C0012,profile_update,2024-01-28T10:00:03.000Z,Mobile,Android App,39.11.186.97,SES007541
EVT00000153,C0012,balance_check,2024-01-28T10:00:04.000Z,Tablet,iPhone 14,102.93.70.235,SES007271
EVT00000154,C0012,beneficiary_add,2024-01-28T10:00:05.000Z,Tablet,Android App,230.134.57.113,SES003288
EVT00000155,C0012,card_block,2024-01-28T10:00:06.000Z,Desktop,Samsung Galaxy S23,218.253.158.70,SES009763
EVT00000156,C0012,loan_apply,2024-01-28T10:00:07.000Z,Mobile,Chrome Browser,218.73.120.78,SES004533
EVT00000157,C0013,card_block,2024-01-23T10:00:00.000Z,,Safari,81.136.181.75,SES001005
EVT00000158,C0013,card_block,2024-01-23T10:00:01.000Z,Desktop,Safari,195.117.255.206,SES002048
EVT00000159,C0013,card_block,2024-01-23T10:00:02.000Z,,iOS App,136.21.176.97,SES003878
EVT00000160,C0013,transfer,2024-01-23T10:00:03.000Z,Tablet,,64.90.52.28,SES006985
EVT00000161,C0013,card_block,2024-01-23T10:00:04.000Z,Tablet,Samsung Galaxy S23,204.136.252.86,SES003293
EVT00000162,C0013,loan_apply,2024-01-23T10:00:05.000Z,Desktop,iPhone 14,134.50.90.55,SES000481
EVT00000163,C0013,loan_apply,2024-01-23T10:00:06.000Z,,Samsung Galaxy S23,48.189.240.80,SES003950
EVT00000164,C0013,card_block,2024-01-23T10:00:07.000Z,Mobile,Safari,15.203.216.5,SES001260
EVT00000165,C0014,login,2024-01-17T10:00:00.000Z,Tablet,iOS App,71.183.120.181,SES004967
EVT00000166,C0014,logout,2024-01-17T10:00:01.000Z,Mobile,Android App,75.147.98.252,SES002616
EVT00000167,C0014,bill_pay,2024-01-17T10:00:02.000Z,Mobile,,194.112.97.125,SES004333
EVT00000168,C0014,logout,2024-01-17T10:00:03.000Z,Tablet,Android App,6.218.199.15,SES008456
EVT00000169,C0014,statement_download,2024-01-17T10:00:04.000Z,Tablet,iOS App,186.100.23.80,SES000760
EVT00000170,C0014,login,2024-01-17T10:00:05.000Z,,Safari,134.245.70.48,SES002706
EVT00000171,C0014,logout,2024-01-17T10:00:06.000Z,Mobile,Chrome Browser,246.154.106.179,SES008273
EVT00000172,C0014,card_block,2024-01-17T10:00:07.000Z,Desktop,Safari,85.171.165.158,SES001359
EVT00000173,C0015,profile_update,2024-01-18T10:00:00.000Z,,Android App,221.45.211.77,SES002063
EVT00000174,C0015,loan_apply,2024-01-18T10:00:01.000Z,Tablet,Chrome Browser,106.222.14.73,SES000583
EVT00000175,C0015,profile_update,2024-01-18T10:00:02.000Z,Mobile,Android App,97.17.238.28,SES007958
EVT00000176,C0015,loan_apply,2024-01-18T10:00:03.000Z,,Samsung Galaxy S23,193.112.61.74,SES008326
EVT00000177,C0015,beneficiary_add,2024-01-18T10:00:04.000Z,Desktop,Android App,167.189.248.151,SES008866
EVT00000178,C0015,bill_pay,2024-01-18T10:00:05.000Z,Tablet,iOS App,18.229.31.151,SES009174
EVT00000179,C0015,login,2024-01-18T10:00:06.000Z,Tablet,,102.228.21.236,SES006652
EVT00000180,C0015,logout,2024-01-18T10:00:07.000Z,Desktop,Samsung Galaxy S23,36.60.238.76,SES009167
EVT00000181,C0016,login,2024-01-21T10:00:00.000Z,Mobile,iPhone 14,149.199.234.176,SES004564
EVT00000182,C0016,login,2024-01-21T10:00:01.000Z,Desktop,Android App,105.214.42.189,SES000190
EVT00000183,C0016,profile_update,2024-01-21T10:00:02.000Z,Mobile,iPhone 14,72.180.103.98,SES007466
EVT00000184,C0016,logout,2024-01-21T10:00:03.000Z,Desktop,Safari,177.166.89.46,SES005076
EVT00000185,C0016,bill_pay,2024-01-21T10:00:04.000Z,Tablet,iPhone 14,182.114.12.21,SES009661
EVT00000186,C0016,transfer,2024-01-21T10:00:05.000Z,Desktop,Samsung Galaxy S23,121.55.8.89,SES009536
EVT00000187,C0016,statement_download,2024-01-21T10:00:06.000Z,Mobile,,161.247.29.12,SES000766
EVT00000188,C0016,logout,2024-01-21T10:00:07.000Z,Desktop,,0.185.197.141,SES009170
EVT00000189,C0017,beneficiary_add,2024-01-24T10:00:00.000Z,Mobile,,67.119.121.202,SES000904
EVT00000190,C0017,transfer,2024-01-24T10:00:01.000Z,Desktop,iPhone 14,227.3.12.125,SES009341
EVT00000191,C0017,transfer,2024-01-24T10:00:02.000Z,,iOS App,128.62.160.39,SES000298
EVT00000192,C0017,loan_apply,2024-01-24T10:00:03.000Z,Tablet,iPhone 14,122.162.34.170,SES009402
EVT00000193,C0017,profile_update,2024-01-24T10:00:04.000Z,Mobile,,230.111.237.235,SES005259
EVT00000194,C0017,card_block,2024-01-24T10:00:05.000Z,,iPhone 14,221.105.1.165,SES000940
EVT00000195,C0017,statement_download,2024-01-24T10:00:06.000Z,Tablet,Safari,7.51.78.173,SES005293
EVT00000196,C0017,profile_update,2024-01-24T10:00:07.000Z,Mobile,Chrome Browser,35.220.158.153,SES008576
EVT00000197,C0018,transfer,2024-01-17T10:00:00.000Z,,Samsung Galaxy S23,89.164.145.99,SES005342
EVT00000198,C0018,logout,2024-01-17T10:00:01.000Z,Desktop,iPhone 14,88.133.12.135,SES008491
EVT00000199,C0018,login,2024-01-17T10:00:02.000Z,Desktop,iOS App,97.71.122.44,SES009631
EVT00000200,C0018,beneficiary_add,2024-01-17T10:00:03.000Z,Desktop,iPhone 14,181.215.7.149,SES003116
EVT00000201,C0006,statement_download,2024-01-29T10:00:00.000Z,Tablet,Chrome Browser,83.152.29.167,SES004145
EVT00000202,C0006,beneficiary_add,2024-01-29T10:00:01.000Z,,,250.163.194.141,SES008317
EVT00000203,C0006,logout,2024-01-29T10:00:02.000Z,Desktop,iPhone 14,70.61.135.115,SES009652
EVT00000204,C0006,logout,2024-01-29T10:00:03.000Z,Desktop,Android App,229.205.73.224,SES002016
EVT00000205,C0006,balance_check,2024-01-29T10:00:04.000Z,Tablet,iOS App,77.88.120.47,SES009374
EVT00000206,C0006,bill_pay,2024-01-29T10:00:05.000Z,Mobile,,16.72.102.168,SES003179
EVT00000207,C0006,statement_download,2024-01-29T10:00:06.000Z,,iPhone 14,67.125.149.231,SES006885
EVT00000208,C0006,beneficiary_add,2024-01-29T10:00:07.000Z,Desktop,Samsung Galaxy S23,40.174.162.142,SES001130
EVT00000209,C0007,beneficiary_add,2024-01-22T10:00:00.000Z,Tablet,Safari,115.8.159.240,SES007178
EVT00000210,C0007,loan_apply,2024-01-22T10:00:01.000Z,Tablet,Chrome Browser,167.226.107.243,SES005887
EVT00000211,C0007,balance_check,2024-01-22T10:00:02.000Z,Desktop,,35.241.36.23,SES002946
EVT00000212,C0007,login,2024-01-22T10:00:03.000Z,,Chrome Browser,97.92.156.8,SES007701
EVT00000213,C0007,beneficiary_add,2024-01-22T10:00:04.000Z,Mobile,Safari,55.31.28.105,SES007741
EVT00000214,C0007,login,2024-01-22T10:00:05.000Z,,,9.155.70.250,SES001087
EVT00000215,C0007,profile_update,2024-01-22T10:00:06.000Z,Mobile,,176.118.87.221,SES007222
EVT00000216,C0007,login,2024-01-22T10:00:07.000Z,,Samsung Galaxy S23,142.242.2.7,SES007853
EVT00000217,C0008,logout,2024-01-29T10:00:00.000Z,Desktop,Safari,187.190.229.118,SES006664
EVT00000218,C0008,login,2024-01-29T10:00:01.000Z,Mobile,iPhone 14,253.84.34.36,SES003732
EVT00000219,C0008,login,2024-01-29T10:00:02.000Z,Desktop,Chrome Browser,206.9.78.11,SES005101
EVT00000220,C0008,balance_check,2024-01-29T10:00:03.000Z,Tablet,Samsung Galaxy S23,26.164.149.10,SES004975
EVT00000221,C0008,beneficiary_add,2024-01-29T10:00:04.000Z,Tablet,Chrome Browser,121.219.57.209,SES009008
EVT00000222,C0008,card_block,2024-01-29T10:00:05.000Z,Desktop,,98.232.202.7,SES005756
EVT00000223,C0008,statement_download,2024-01-29T10:00:06.000Z,Tablet,,241.82.182.112,SES002951
EVT00000224,C0008,logout,2024-01-29T10:00:07.000Z,,Android App,53.21.165.128,SES007852
EVT00000225,C0009,beneficiary_add,2024-01-23T10:00:00.000Z,Desktop,Samsung Galaxy S23,115.47.19.9,SES005233
EVT00000226,C0009,transfer,2024-01-23T10:00:01.000Z,Tablet,iOS App,195.177.38.203,SES006026
EVT00000227,C0009,transfer,2024-01-23T10:00:02.000Z,Desktop,iPhone 14,244.138.143.125,SES001150
EVT00000228,C0009,statement_download,2024-01-23T10:00:03.000Z,Tablet,Samsung Galaxy S23,126.143.12.43,SES005259
EVT00000229,C0009,profile_update,2024-01-23T10:00:04.000Z,,iPhone 14,229.182.167.247,SES007405
EVT00000230,C0009,login,2024-01-23T10:00:05.000Z,Mobile,Android App,156.165.187.250,SES009795
EVT00000231,C0009,balance_check,2024-01-23T10:00:06.000Z,Desktop,iPhone 14,145.88.228.7,SES009256
EVT00000232,C0009,balance_check,2024-01-23T10:00:07.000Z,Mobile,Safari,199.101.246.84,SES000912
EVT00000233,C0010,logout,2024-01-21T10:00:00.000Z,Desktop,iOS App,103.31.66.29,SES003230
EVT00000234,C0010,statement_download,2024-01-21T10:00:01.000Z,Mobile,iOS App,160.125.240.220,SES008877
EVT00000235,C0010,transfer,2024-01-21T10:00:02.000Z,Tablet,Safari,233.127.58.43,SES009324
EVT00000236,C0010,bill_pay,2024-01-21T10:00:03.000Z,Mobile,Android App,40.253.119.126,SES000101
EVT00000237,C0010,logout,2024-01-21T10:00:04.000Z,,Android App,210.16.97.240,SES004674
EVT00000238,C0010,transfer,2024-01-21T10:00:05.000Z,Tablet,Samsung Galaxy S23,124.13.243.101,SES007117
EVT00000239,C0010,logout,2024-01-21T10:00:06.000Z,,Samsung Galaxy S23,2.24.232.158,SES001411
EVT00000240,C0010,balance_check,2024-01-21T10:00:07.000Z,Mobile,Safari,135.241.198.75,SES008298
EVT00000241,C0011,login,2024-01-27T10:00:00.000Z,Desktop,Samsung Galaxy S23,0.29.233.11,SES005178
EVT00000242,C0011,login,2024-01-27T10:00:01.000Z,Tablet,Safari,25.100.164.245,SES003640
EVT00000243,C0011,beneficiary_add,2024-01-27T10:00:02.000Z,Mobile,Safari,216.182.12.84,SES006409
EVT00000244,C0011,statement_download,2024-01-27T10:00:03.000Z,Desktop,Chrome Browser,207.13.223.237,SES000334
EVT00000245,C0011,statement_download,2024-01-27T10:00:04.000Z,,,158.20.209.133,SES004940
EVT00000246,C0011,logout,2024-01-27T10:00:05.000Z,Mobile,iPhone 14,66.136.56.180,SES004842
EVT00000247,C0011,card_block,2024-01-27T10:00:06.000Z,Tablet,iPhone 14,136.2.181.147,SES003250
EVT00000248,C0011,logout,2024-01-27T10:00:07.000Z,Mobile,Safari,29.23.241.7,SES002829
EVT00000249,C0012,beneficiary_add,2024-01-19T10:00:00.000Z,Mobile,Chrome Browser,57.127.89.27,SES002775
EVT00000250,C0012,statement_download,2024-01-19T10:00:01.000Z,Mobile,iPhone 14,62.91.95.95,SES007713
EVT00000251,C0012,beneficiary_add,2024-01-19T10:00:02.000Z,,,45.172.46.235,SES001475
EVT00000252,C0012,transfer,2024-01-19T10:00:03.000Z,Desktop,iPhone 14,36.173.5.251,SES002706
EVT00000253,C0012,balance_check,2024-01-19T10:00:04.000Z,Tablet,Samsung Galaxy S23,83.29.142.161,SES008226
EVT00000254,C0012,transfer,2024-01-19T10:00:05.000Z,Tablet,Android App,200.143.193.172,SES009894
EVT00000255,C0012,bill_pay,2024-01-19T10:00:06.000Z,Desktop,Android App,125.9.66.159,SES002290
EVT00000256,C0012,loan_apply,2024-01-19T10:00:07.000Z,Mobile,Safari,4.235.159.70,SES007379
EVT00000257,C0013,loan_apply,2024-01-24T10:00:00.000Z,Desktop,Chrome Browser,0.42.217.64,SES003195
EVT00000258,C0013,transfer,2024-01-24T10:00:01.000Z,Mobile,Safari,218.170.158.183,SES007750
EVT00000259,C0013,card_block,2024-01-24T10:00:02.000Z,Tablet,iOS App,38.160.14.43,SES006719
EVT00000260,C0013,profile_update,2024-01-24T10:00:03.000Z,Desktop,iOS App,128.84.199.97,SES007798
EVT00000261,C0013,bill_pay,2024-01-24T10:00:04.000Z,Mobile,,136.88.159.135,SES007854
EVT00000262,C0013,transfer,2024-01-24T10:00:05.000Z,Mobile,Samsung Galaxy S23,104.47.167.209,SES001501
EVT00000263,C0013,transfer,2024-01-24T10:00:06.000Z,,iOS App,227.147.7.232,SES004865
EVT00000264,C0013,card_block,2024-01-24T10:00:07.000Z,Desktop,Android App,126.129.48.90,SES006005
EVT00000265,C0014,profile_update,2024-01-21T10:00:00.000Z,,Chrome Browser,153.238.58.81,SES007260
EVT00000266,C0014,transfer,2024-01-21T10:00:01.000Z,Tablet,Safari,198.232.23.135,SES007193
EVT00000267,C0014,statement_download,2024-01-21T10:00:02.000Z,Tablet,Samsung Galaxy S23,204.207.11.247,SES007881
EVT00000268,C0014,loan_apply,2024-01-21T10:00:03.000Z,Mobile,iOS App,52.41.137.127,SES005781
EVT00000269,C0014,card_block,2024-01-21T10:00:04.000Z,Mobile,iPhone 14,247.11.186.188,SES007438
EVT00000270,C0014,loan_apply,2024-01-21T10:00:05.000Z,Tablet,,31.116.243.14,SES005567
EVT00000271,C0014,statement_download,2024-01-21T10:00:06.000Z,,Safari,207.125.234.185,SES007633
EVT00000272,C0014,profile_update,2024-01-21T10:00:07.000Z,,iOS App,99.211.142.55,SES009445
EVT00000273,C0015,login,2024-01-15T10:00:00.000Z,Desktop,iOS App,9.167.111.255,SES002155
EVT00000274,C0015,bill_pay,2024-01-15T10:00:01.000Z,,iOS App,98.190.83.112,SES001660
EVT00000275,C0015,statement_download,2024-01-15T10:00:02.000Z,Tablet,Samsung Galaxy S23,56.222.43.64,SES000511
EVT00000276,C0015,card_block,2024-01-15T10:00:03.000Z,,,220.137.149.36,SES000656
EVT00000277,C0015,card_block,2024-01-15T10:00:04.000Z,Mobile,iPhone 14,125.150.13.164,SES005040
EVT00000278,C0015,transfer,2024-01-15T10:00:05.000Z,Desktop,Chrome Browser,189.248.164.160,SES007472
EVT00000279,C0015,transfer,2024-01-15T10:00:06.000Z,Mobile,Android App,205.94.87.182,SES004381
EVT00000280,C0015,statement_download,2024-01-15T10:00:07.000Z,,,111.203.119.111,SES005636
EVT00000281,C0016,statement_download,2024-01-29T10:00:00.000Z,Desktop,Chrome Browser,14.217.86.17,SES009573
EVT00000282,C0016,beneficiary_add,2024-01-29T10:00:01.000Z,,iOS App,48.37.31.7,SES009377
EVT00000283,C0016,profile_update,2024-01-29T10:00:02.000Z,Tablet,Samsung Galaxy S23,14.227.206.64,SES000986
EVT00000284,C0016,card_block,2024-01-29T10:00:03.000Z,Desktop,Android App,227.114.211.187,SES002176
EVT00000285,C0016,statement_download,2024-01-29T10:00:04.000Z,Desktop,Android App,83.11.9.34,SES003590
EVT00000286,C0016,transfer,2024-01-29T10:00:05.000Z,Mobile,iPhone 14,62.171.175.60,SES006713
EVT00000287,C0016,beneficiary_add,2024-01-29T10:00:06.000Z,Mobile,Android App,77.60.221.144,SES002050
EVT00000288,C0016,logout,2024-01-29T10:00:07.000Z,Mobile,iOS App,91.111.197.225,SES005601
EVT00000289,C0017,beneficiary_add,2024-01-16T10:00:00.000Z,Desktop,Safari,249.128.139.85,SES003077
EVT00000290,C0017,login,2024-01-16T10:00:01.000Z,Tablet,Android App,255.76.191.220,SES008106
EVT00000291,C0017,bill_pay,2024-01-16T10:00:02.000Z,Tablet,iOS App,69.190.42.101,SES007808
EVT00000292,C0017,beneficiary_add,2024-01-16T10:00:03.000Z,,,229.52.47.75,SES008481
EVT00000293,C0017,loan_apply,2024-01-16T10:00:04.000Z,,Android App,226.18.239.115,SES009471
EVT00000294,C0017,profile_update,2024-01-16T10:00:05.000Z,,Android App,90.164.2.147,SES003451
EVT00000295,C0017,profile_update,2024-01-16T10:00:06.000Z,Mobile,iPhone 14,208.224.136.178,SES008557
EVT00000296,C0017,statement_download,2024-01-16T10:00:07.000Z,Mobile,Android App,66.175.106.234,SES006286
EVT00000297,C0018,beneficiary_add,2024-01-20T10:00:00.000Z,,,41.132.73.42,SES004681
EVT00000298,C0018,statement_download,2024-01-20T10:00:01.000Z,Mobile,Chrome Browser,164.75.108.238,SES003359
EVT00000299,C0018,beneficiary_add,2024-01-20T10:00:02.000Z,Tablet,iPhone 14,136.122.116.98,SES004347
EVT00000300,C0018,loan_apply,2024-01-20T10:00:03.000Z,Mobile,Samsung Galaxy S23,34.161.151.135,SES009592
EVT00000301,C0006,login,2024-01-22T10:00:00.000Z,Desktop,iOS App,100.29.134.80,SES001545
EVT00000302,C0006,profile_update,2024-01-22T10:00:01.000Z,Tablet,iOS App,108.13.39.0,SES008327
EVT00000303,C0006,loan_apply,2024-01-22T10:00:02.000Z,Tablet,Chrome Browser,144.4.146.190,SES009285
EVT00000304,C0006,transfer,2024-01-22T10:00:03.000Z,,Safari,243.185.229.103,SES002475
EVT00000305,C0006,balance_check,2024-01-22T10:00:04.000Z,Tablet,,217.0.9.91,SES001313
EVT00000306,C0006,transfer,2024-01-22T10:00:05.000Z,Tablet,Safari,57.27.92.187,SES001472
EVT00000307,C0006,profile_update,2024-01-22T10:00:06.000Z,,Samsung Galaxy S23,88.29.45.241,SES002005
EVT00000308,C0006,beneficiary_add,2024-01-22T10:00:07.000Z,,Chrome Browser,221.250.0.223,SES001904
EVT00000309,C0007,transfer,2024-01-27T10:00:00.000Z,,iOS App,89.174.114.94,SES005293
EVT00000310,C0007,bill_pay,2024-01-27T10:00:01.000Z,Mobile,Safari,69.191.31.251,SES007297
EVT00000311,C0007,statement_download,2024-01-27T10:00:02.000Z,Mobile,Safari,68.112.231.4,SES006904
EVT00000312,C0007,logout,2024-01-27T10:00:03.000Z,Tablet,iOS App,105.75.107.14,SES003184
EVT00000313,C0007,loan_apply,2024-01-27T10:00:04.000Z,Desktop,Android App,43.127.64.132,SES007948
EVT00000314,C0007,statement_download,2024-01-27T10:00:05.000Z,,Chrome Browser,235.147.230.8,SES005328
EVT00000315,C0007,transfer,2024-01-27T10:00:06.000Z,,Samsung Galaxy S23,190.16.126.243,SES007378
EVT00000316,C0007,login,2024-01-27T10:00:07.000Z,Mobile,Safari,190.238.1.50,SES008960
EVT00000317,C0008,bill_pay,2024-01-28T10:00:00.000Z,Desktop,Chrome Browser,139.117.253.89,SES000700
EVT00000318,C0008,balance_check,2024-01-28T10:00:01.000Z,,iOS App,19.205.17.27,SES007280
EVT00000319,C0008,beneficiary_add,2024-01-28T10:00:02.000Z,Desktop,Android App,10.67.117.147,SES008588
EVT00000320,C0008,balance_check,2024-01-28T10:00:03.000Z,Tablet,Chrome Browser,192.193.172.181,SES007151
EVT00000321,C0008,beneficiary_add,2024-01-28T10:00:04.000Z,Mobile,,228.151.249.217,SES001390
EVT00000322,C0008,loan_apply,2024-01-28T10:00:05.000Z,Tablet,iOS App,225.236.226.90,SES003334
EVT00000323,C0008,statement_download,2024-01-28T10:00:06.000Z,Tablet,Android App,229.29.252.250,SES006152
EVT00000324,C0008,bill_pay,2024-01-28T10:00:07.000Z,,Samsung Galaxy S23,31.199.230.25,SES002766
EVT00000325,C0009,transfer,2024-01-20T10:00:00.000Z,Desktop,iPhone 14,93.21.122.131,SES003439
EVT00000326,C0009,profile_update,2024-01-20T10:00:01.000Z,Mobile,Safari,224.14.88.117,SES006929
EVT00000327,C0009,card_block,2024-01-20T10:00:02.000Z,Desktop,iOS App,113.154.232.73,SES005006
EVT00000328,C0009,statement_download,2024-01-20T10:00:03.000Z,Tablet,,74.31.84.37,SES002360
EVT00000329,C0009,loan_apply,2024-01-20T10:00:04.000Z,Desktop,Safari,64.18.188.224,SES004679
EVT00000330,C0009,beneficiary_add,2024-01-20T10:00:05.000Z,Desktop,iOS App,14.162.104.52,SES009174
EVT00000331,C0009,bill_pay,2024-01-20T10:00:06.000Z,Tablet,Chrome Browser,39.67.36.129,SES005706
EVT00000332,C0009,bill_pay,2024-01-20T10:00:07.000Z,Mobile,Safari,55.50.245.15,SES000593
EVT00000333,C0010,statement_download,2024-01-24T10:00:00.000Z,Tablet,,237.210.133.204,SES002347
EVT00000334,C0010,statement_download,2024-01-24T10:00:01.000Z,Mobile,,111.242.55.13,SES009085
EVT00000335,C0010,balance_check,2024-01-24T10:00:02.000Z,Mobile,iOS App,144.224.170.244,SES005962
EVT00000336,C0010,logout,2024-01-24T10:00:03.000Z,,,129.151.81.20,SES009771
EVT00000337,C0010,statement_download,2024-01-24T10:00:04.000Z,,Chrome Browser,190.150.185.142,SES000271
EVT00000338,C0010,statement_download,2024-01-24T10:00:05.000Z,Desktop,Android App,153.31.115.219,SES003777
EVT00000339,C0010,login,2024-01-24T10:00:06.000Z,Tablet,Chrome Browser,34.196.161.53,SES004982
EVT00000340,C0010,loan_apply,2024-01-24T10:00:07.000Z,Tablet,,72.60.166.124,SES002189
EVT00000341,C0011,statement_download,2024-01-29T10:00:00.000Z,,Chrome Browser,44.136.77.251,SES005652
EVT00000342,C0011,login,2024-01-29T10:00:01.000Z,Desktop,Safari,90.171.245.12,SES002835
EVT00000343,C0011,beneficiary_add,2024-01-29T10:00:02.000Z,Tablet,Safari,51.106.168.70,SES004807
EVT00000344,C0011,loan_apply,2024-01-29T10:00:03.000Z,Desktop,Chrome Browser,58.115.194.226,SES008223
EVT00000345,C0011,logout,2024-01-29T10:00:04.000Z,Desktop,Android App,116.116.165.97,SES006107
EVT00000346,C0011,beneficiary_add,2024-01-29T10:00:05.000Z,Desktop,Samsung Galaxy S23,193.130.87.74,SES005512
EVT00000347,C0011,transfer,2024-01-29T10:00:06.000Z,Tablet,iOS App,195.182.6.90,SES004327
EVT00000348,C0011,transfer,2024-01-29T10:00:07.000Z,,iOS App,60.196.222.153,SES000089
EVT00000349,C0012,beneficiary_add,2024-01-22T10:00:00.000Z,Tablet,Chrome Browser,218.223.131.187,SES001717
EVT00000350,C0012,logout,2024-01-22T10:00:01.000Z,Mobile,Safari,74.110.71.152,SES008753
EVT00000351,C0012,loan_apply,2024-01-22T10:00:02.000Z,Desktop,,193.122.148.9,SES000680
EVT00000352,C0012,bill_pay,2024-01-22T10:00:03.000Z,Mobile,Android App,52.60.151.31,SES006567
EVT00000353,C0012,statement_download,2024-01-22T10:00:04.000Z,Desktop,Chrome Browser,18.118.39.36,SES009970
EVT00000354,C0012,balance_check,2024-01-22T10:00:05.000Z,Mobile,,50.126.5.42,SES003220
EVT00000355,C0012,logout,2024-01-22T10:00:06.000Z,Mobile,Samsung Galaxy S23,138.28.60.14,SES003261
EVT00000356,C0012,login,2024-01-22T10:00:07.000Z,,Android App,130.158.245.213,SES006664
EVT00000357,C0013,logout,2024-01-15T10:00:00.000Z,Tablet,Android App,45.22.34.15,SES004943
EVT00000358,C0013,profile_update,2024-01-15T10:00:01.000Z,Mobile,,193.33.53.231,SES005783
EVT00000359,C0013,profile_update,2024-01-15T10:00:02.000Z,Desktop,Samsung Galaxy S23,110.161.161.225,SES004584
EVT00000360,C0013,loan_apply,2024-01-15T10:00:03.000Z,Mobile,iPhone 14,232.171.55.65,SES004351
EVT00000361,C0013,login,2024-01-15T10:00:04.000Z,Mobile,Samsung Galaxy S23,28.242.6.156,SES004320
EVT00000362,C0013,beneficiary_add,2024-01-15T10:00:05.000Z,Desktop,Safari,217.114.226.111,SES002607
EVT00000363,C0013,login,2024-01-15T10:00:06.000Z,Tablet,iPhone 14,129.47.126.36,SES006088
EVT00000364,C0013,bill_pay,2024-01-15T10:00:07.000Z,,,154.118.47.111,SES006867
EVT00000365,C0014,loan_apply,2024-01-29T10:00:00.000Z,Tablet,iOS App,36.169.209.203,SES005349
EVT00000366,C0014,balance_check,2024-01-29T10:00:01.000Z,,iOS App,92.73.122.154,SES002270
EVT00000367,C0014,logout,2024-01-29T10:00:02.000Z,,,150.57.235.225,SES000805
EVT00000368,C0014,card_block,2024-01-29T10:00:03.000Z,Mobile,iPhone 14,29.63.130.24,SES005656
EVT00000369,C0014,profile_update,2024-01-29T10:00:04.000Z,Tablet,Android App,194.245.192.92,SES007245
EVT00000370,C0014,balance_check,2024-01-29T10:00:05.000Z,Mobile,Chrome Browser,59.205.72.85,SES006365
EVT00000371,C0014,profile_update,2024-01-29T10:00:06.000Z,,Chrome Browser,73.146.188.79,SES001660
EVT00000372,C0014,login,2024-01-29T10:00:07.000Z,Mobile,,173.54.115.144,SES009259
EVT00000373,C0015,login,2024-01-16T10:00:00.000Z,Tablet,Safari,41.239.3.70,SES009258
EVT00000374,C0015,balance_check,2024-01-16T10:00:01.000Z,Tablet,iPhone 14,91.84.45.124,SES003822
EVT00000375,C0015,login,2024-01-16T10:00:02.000Z,Tablet,Chrome Browser,70.53.49.141,SES006072
EVT00000376,C0015,bill_pay,2024-01-16T10:00:03.000Z,Tablet,iPhone 14,150.176.10.10,SES000560
EVT00000377,C0015,bill_pay,2024-01-16T10:00:04.000Z,,,40.59.145.80,SES009649
EVT00000378,C0015,statement_download,2024-01-16T10:00:05.000Z,,iPhone 14,193.22.44.87,SES000255
EVT00000379,C0015,beneficiary_add,2024-01-16T10:00:06.000Z,Desktop,Safari,31.56.189.188,SES006038
EVT00000380,C0015,statement_download,2024-01-16T10:00:07.000Z,Desktop,Samsung Galaxy S23,22.187.107.93,SES008872
EVT00000381,C0016,beneficiary_add,2024-01-25T10:00:00.000Z,Tablet,Chrome Browser,77.220.12.218,SES004740
EVT00000382,C0016,profile_update,2024-01-25T10:00:01.000Z,Tablet,iPhone 14,246.186.196.135,SES003589
EVT00000383,C0016,login,2024-01-25T10:00:02.000Z,Mobile,Safari,140.211.221.139,SES001406
EVT00000384,C0016,statement_download,2024-01-25T10:00:03.000Z,,iPhone 14,85.178.255.50,SES009860
EVT00000385,C0016,logout,2024-01-25T10:00:04.000Z,Desktop,Chrome Browser,185.137.17.225,SES003306
EVT00000386,C0016,bill_pay,2024-01-25T10:00:05.000Z,Desktop,,118.113.225.3,SES003103
EVT00000387,C0016,loan_apply,2024-01-25T10:00:06.000Z,Mobile,Android App,153.63.202.176,SES001313
EVT00000388,C0016,loan_apply,2024-01-25T10:00:07.000Z,Desktop,Safari,56.211.188.109,SES007133
EVT00000389,C0017,transfer,2024-01-19T10:00:00.000Z,Mobile,Android App,197.7.67.121,SES000892
EVT00000390,C0017,bill_pay,2024-01-19T10:00:01.000Z,Desktop,Chrome Browser,71.38.113.204,SES007087
EVT00000391,C0017,login,2024-01-19T10:00:02.000Z,Desktop,iOS App,31.52.177.52,SES008025
EVT00000392,C0017,loan_apply,2024-01-19T10:00:03.000Z,Mobile,Safari,202.52.62.113,SES004694
EVT00000393,C0017,loan_apply,2024-01-19T10:00:04.000Z,Mobile,Safari,157.211.138.14,SES003731
EVT00000394,C0017,loan_apply,2024-01-19T10:00:05.000Z,Mobile,iOS App,195.146.2.155,SES000123
EVT00000395,C0017,beneficiary_add,2024-01-19T10:00:06.000Z,Desktop,iOS App,22.34.97.112,SES009454
EVT00000396,C0017,logout,2024-01-19T10:00:07.000Z,Desktop,,142.152.163.177,SES003602
EVT00000397,C0018,card_block,2024-01-29T10:00:00.000Z,Desktop,Samsung Galaxy S23,132.41.43.70,SES009291
EVT00000398,C0018,logout,2024-01-29T10:00:01.000Z,Desktop,Android App,122.158.227.39,SES004762
EVT00000399,C0018,card_block,2024-01-29T10:00:02.000Z,,iOS App,7.141.237.220,SES005142
EVT00000400,C0018,bill_pay,2024-01-29T10:00:03.000Z,Desktop,iPhone 14,44.55.20.161,SES008616
EVT00000401,C0006,card_block,2024-01-23T10:00:00.000Z,,Safari,220.194.32.16,SES006225
EVT00000402,C0006,transfer,2024-01-23T10:00:01.000Z,,iPhone 14,67.223.80.4,SES001101
EVT00000403,C0006,card_block,2024-01-23T10:00:02.000Z,Tablet,Chrome Browser,121.60.77.110,SES005498
EVT00000404,C0006,login,2024-01-23T10:00:03.000Z,,iPhone 14,63.236.226.121,SES000509
EVT00000405,C0006,login,2024-01-23T10:00:04.000Z,,iPhone 14,52.146.204.163,SES007992
EVT00000406,C0006,login,2024-01-23T10:00:05.000Z,Mobile,Safari,21.229.49.109,SES000119
EVT00000407,C0006,bill_pay,2024-01-23T10:00:06.000Z,,Samsung Galaxy S23,134.134.230.163,SES002561
EVT00000408,C0006,profile_update,2024-01-23T10:00:07.000Z,Tablet,iOS App,40.169.91.94,SES001037
EVT00000409,C0007,transfer,2024-01-24T10:00:00.000Z,Mobile,Android App,212.180.4.119,SES008858
EVT00000410,C0007,card_block,2024-01-24T10:00:01.000Z,,Safari,161.203.161.247,SES009090
EVT00000411,C0007,login,2024-01-24T10:00:02.000Z,,Safari,217.162.155.11,SES000600
EVT00000412,C0007,login,2024-01-24T10:00:03.000Z,Tablet,Samsung Galaxy S23,46.242.40.153,SES009983
EVT00000413,C0007,profile_update,2024-01-24T10:00:04.000Z,Desktop,,98.232.221.122,SES007842
EVT00000414,C0007,statement_download,2024-01-24T10:00:05.000Z,Tablet,,48.92.191.237,SES008604
EVT00000415,C0007,balance_check,2024-01-24T10:00:06.000Z,Mobile,,210.21.188.188,SES004421
EVT00000416,C0007,beneficiary_add,2024-01-24T10:00:07.000Z,Desktop,iOS App,68.153.40.233,SES004038
EVT00000417,C0008,transfer,2024-01-18T10:00:00.000Z,Mobile,iPhone 14,255.206.245.53,SES003664
EVT00000418,C0008,beneficiary_add,2024-01-18T10:00:01.000Z,Tablet,iPhone 14,72.234.21.174,SES002988
EVT00000419,C0008,beneficiary_add,2024-01-18T10:00:02.000Z,Mobile,Chrome Browser,190.36.206.128,SES006022
EVT00000420,C0008,card_block,2024-01-18T10:00:03.000Z,Tablet,iOS App,103.254.36.112,SES005278
EVT00000421,C0008,statement_download,2024-01-18T10:00:04.000Z,,Samsung Galaxy S23,106.114.207.120,SES003224
EVT00000422,C0008,statement_download,2024-01-18T10:00:05.000Z,Tablet,iOS App,146.179.86.51,SES002739
EVT00000423,C0008,bill_pay,2024-01-18T10:00:06.000Z,Desktop,,242.196.91.27,SES007171
EVT00000424,C0008,logout,2024-01-18T10:00:07.000Z,Tablet,Samsung Galaxy S23,27.122.217.98,SES001057
EVT00000425,C0009,balance_check,2024-01-17T10:00:00.000Z,Tablet,iPhone 14,232.66.214.223,SES001166
EVT00000426,C0009,login,2024-01-17T10:00:01.000Z,Desktop,Chrome Browser,80.19.192.124,SES006859
EVT00000427,C0009,bill_pay,2024-01-17T10:00:02.000Z,Mobile,Android App,218.12.131.88,SES000977
EVT00000428,C0009,login,2024-01-17T10:00:03.000Z,,Safari,38.180.187.219,SES001156
EVT00000429,C0009,transfer,2024-01-17T10:00:04.000Z,,iPhone 14,99.158.32.208,SES007684
EVT00000430,C0009,statement_download,2024-01-17T10:00:05.000Z,,Chrome Browser,156.62.58.213,SES004814
EVT00000431,C0009,beneficiary_add,2024-01-17T10:00:06.000Z,Mobile,iOS App,245.95.214.134,SES006201
EVT00000432,C0009,beneficiary_add,2024-01-17T10:00:07.000Z,Tablet,Chrome Browser,227.85.35.126,SES004240
EVT00000433,C0010,card_block,2024-01-25T10:00:00.000Z,Desktop,Android App,195.216.29.122,SES001254
EVT00000434,C0010,bill_pay,2024-01-25T10:00:01.000Z,Desktop,Chrome Browser,91.156.169.202,SES009119
EVT00000435,C0010,loan_apply,2024-01-25T10:00:02.000Z,Tablet,Safari,65.14.155.110,SES007133
EVT00000436,C0010,transfer,2024-01-25T10:00:03.000Z,Tablet,iPhone 14,154.164.11.36,SES003355
EVT00000437,C0010,balance_check,2024-01-25T10:00:04.000Z,Desktop,Android App,53.73.129.4,SES005447
EVT00000438,C0010,bill_pay,2024-01-25T10:00:05.000Z,Tablet,Chrome Browser,16.56.250.101,SES006811
EVT00000439,C0010,transfer,2024-01-25T10:00:06.000Z,Mobile,iOS App,53.171.172.213,SES009707
EVT00000440,C0010,statement_download,2024-01-25T10:00:07.000Z,Tablet,Safari,152.65.84.5,SES002130
EVT00000441,C0011,transfer,2024-01-29T10:00:00.000Z,Tablet,Android App,233.50.101.126,SES006751
EVT00000442,C0011,profile_update,2024-01-29T10:00:01.000Z,,Android App,254.72.179.207,SES005438
EVT00000443,C0011,transfer,2024-01-29T10:00:02.000Z,,,203.225.51.3,SES005325
EVT00000444,C0011,beneficiary_add,2024-01-29T10:00:03.000Z,,Android App,190.92.32.2,SES007562
EVT00000445,C0011,bill_pay,2024-01-29T10:00:04.000Z,Desktop,Chrome Browser,141.25.191.253,SES004486
EVT00000446,C0011,login,2024-01-29T10:00:05.000Z,Tablet,Samsung Galaxy S23,27.91.4.200,SES001983
EVT00000447,C0011,card_block,2024-01-29T10:00:06.000Z,Tablet,Safari,205.141.231.189,SES007550
EVT00000448,C0011,bill_pay,2024-01-29T10:00:07.000Z,Mobile,Safari,180.159.191.90,SES001218
EVT00000449,C0012,logout,2024-01-15T10:00:00.000Z,Tablet,,82.63.157.167,SES002109
EVT00000450,C0012,statement_download,2024-01-15T10:00:01.000Z,Mobile,iOS App,67.74.247.27,SES006186
EVT00000451,C0012,balance_check,2024-01-15T10:00:02.000Z,Tablet,Chrome Browser,10.120.213.217,SES008004
EVT00000452,C0012,loan_apply,2024-01-15T10:00:03.000Z,,Safari,185.179.182.231,SES003813
EVT00000453,C0012,profile_update,2024-01-15T10:00:04.000Z,Mobile,Chrome Browser,219.164.129.83,SES002692
EVT00000454,C0012,loan_apply,2024-01-15T10:00:05.000Z,Desktop,iPhone 14,1.209.31.8,SES001967
EVT00000455,C0012,loan_apply,2024-01-15T10:00:06.000Z,Mobile,,50.245.1.3,SES008451
EVT00000456,C0012,balance_check,2024-01-15T10:00:07.000Z,Desktop,iOS App,173.235.4.152,SES008250
EVT00000457,C0013,beneficiary_add,2024-01-16T10:00:00.000Z,,Samsung Galaxy S23,117.243.223.240,SES004445
EVT00000458,C0013,balance_check,2024-01-16T10:00:01.000Z,Tablet,iOS App,98.85.154.15,SES004368
EVT00000459,C0013,transfer,2024-01-16T10:00:02.000Z,Tablet,iPhone 14,7.111.190.233,SES001830
EVT00000460,C0013,beneficiary_add,2024-01-16T10:00:03.000Z,Mobile,Android App,236.233.128.223,SES006560
EVT00000461,C0013,card_block,2024-01-16T10:00:04.000Z,Tablet,,71.241.199.132,SES007617
EVT00000462,C0013,statement_download,2024-01-16T10:00:05.000Z,,Chrome Browser,41.243.234.182,SES002243
EVT00000463,C0013,profile_update,2024-01-16T10:00:06.000Z,Desktop,Android App,149.32.121.13,SES003906
EVT00000464,C0013,beneficiary_add,2024-01-16T10:00:07.000Z,Mobile,iPhone 14,8.210.145.177,SES007308
EVT00000465,C0014,transfer,2024-01-19T10:00:00.000Z,,Safari,112.23.133.174,SES001810
EVT00000466,C0014,logout,2024-01-19T10:00:01.000Z,Desktop,iPhone 14,68.106.71.32,SES002986
EVT00000467,C0014,bill_pay,2024-01-19T10:00:02.000Z,Desktop,iPhone 14,95.104.143.216,SES004234
EVT00000468,C0014,loan_apply,2024-01-19T10:00:03.000Z,,Chrome Browser,64.119.71.199,SES007569
EVT00000469,C0014,logout,2024-01-19T10:00:04.000Z,Desktop,Samsung Galaxy S23,219.241.230.41,SES009333
EVT00000470,C0014,card_block,2024-01-19T10:00:05.000Z,Desktop,Chrome Browser,229.35.93.221,SES002917
EVT00000471,C0014,loan_apply,2024-01-19T10:00:06.000Z,,Chrome Browser,118.13.85.254,SES003604
EVT00000472,C0014,login,2024-01-19T10:00:07.000Z,Mobile,iOS App,20.42.37.231,SES002136
EVT00000473,C0015,beneficiary_add,2024-01-26T10:00:00.000Z,Mobile,,185.226.232.211,SES007725
EVT00000474,C0015,loan_apply,2024-01-26T10:00:01.000Z,Mobile,Android App,86.225.77.188,SES001110
EVT00000475,C0015,card_block,2024-01-26T10:00:02.000Z,Tablet,Safari,249.124.33.35,SES009273
EVT00000476,C0015,card_block,2024-01-26T10:00:03.000Z,,iOS App,36.191.114.138,SES009041
EVT00000477,C0015,profile_update,2024-01-26T10:00:04.000Z,Desktop,,219.31.52.252,SES002096
EVT00000478,C0015,profile_update,2024-01-26T10:00:05.000Z,Mobile,iOS App,230.112.67.141,SES008816
EVT00000479,C0015,statement_download,2024-01-26T10:00:06.000Z,Tablet,,127.47.186.20,SES005136
EVT00000480,C0015,loan_apply,2024-01-26T10:00:07.000Z,Tablet,iOS App,96.82.3.208,SES003132
EVT00000481,C0016,loan_apply,2024-01-23T10:00:00.000Z,,,164.216.2.167,SES001462
EVT00000482,C0016,profile_update,2024-01-23T10:00:01.000Z,Mobile,Safari,79.34.197.173,SES008279
EVT00000483,C0016,logout,2024-01-23T10:00:02.000Z,,Android App,151.224.177.78,SES005462
EVT00000484,C0016,balance_check,2024-01-23T10:00:03.000Z,Mobile,Samsung Galaxy S23,216.101.38.56,SES008647
EVT00000485,C0016,loan_apply,2024-01-23T10:00:04.000Z,,,215.30.205.200,SES001767
EVT00000486,C0016,bill_pay,2024-01-23T10:00:05.000Z,Tablet,Chrome Browser,184.43.107.26,SES001031
EVT00000487,C0016,balance_check,2024-01-23T10:00:06.000Z,Desktop,,17.191.142.70,SES000936
EVT00000488,C0016,bill_pay,2024-01-23T10:00:07.000Z,Mobile,Android App,79.57.168.170,SES003443
EVT00000489,C0017,balance_check,2024-01-27T10:00:00.000Z,Desktop,Chrome Browser,223.197.137.139,SES009353
EVT00000490,C0017,loan_apply,2024-01-27T10:00:01.000Z,Desktop,,15.19.214.20,SES004218
EVT00000491,C0017,bill_pay,2024-01-27T10:00:02.000Z,Tablet,iOS App,234.115.145.31,SES003350
EVT00000492,C0017,loan_apply,2024-01-27T10:00:03.000Z,,Android App,134.223.14.62,SES008327
EVT00000493,C0017,statement_download,2024-01-27T10:00:04.000Z,,Samsung Galaxy S23,7.9.236.153,SES000202
EVT00000494,C0017,loan_apply,2024-01-27T10:00:05.000Z,Tablet,Android App,171.2.103.16,SES005290
EVT00000495,C0017,card_block,2024-01-27T10:00:06.000Z,,Chrome Browser,212.255.150.226,SES000154
EVT00000496,C0017,bill_pay,2024-01-27T10:00:07.000Z,Mobile,Samsung Galaxy S23,106.93.52.69,SES006124
EVT00000497,C0018,balance_check,2024-01-20T10:00:00.000Z,,iPhone 14,25.113.215.18,SES000474
EVT00000498,C0018,profile_update,2024-01-20T10:00:01.000Z,Desktop,,159.48.112.62,SES001515
EVT00000499,C0018,beneficiary_add,2024-01-20T10:00:02.000Z,Tablet,Android App,165.187.199.70,SES009060
EVT00000500,C0018,statement_download,2024-01-20T10:00:03.000Z,Desktop,Safari,41.187.73.84,SES003642
EVT00000501,C0764,card_block,2024-05-15T00:29:48.000Z,Tablet,iOS App,241.89.236.235,SES002342
EVT00000502,C0440,null,2024-04-20T17:19:20.000Z,Mobile,iPhone 14,173.107.167.56,SES008177
EVT00000503,C0649,login,2024-04-27T22:38:12.000Z,,iPhone 14,55.93.107.209,SES003010
EVT00000504,C0744,card_block,2024-04-17T12:50:46.000Z,Desktop,Chrome Browser,64.12.227.136,SES009854
EVT00000505,C0085,statement_download,2024-05-01T04:34:06.000Z,Mobile,Chrome Browser,128.68.59.252,SES003197
EVT00000506,C0054,logout,2024-04-18T20:21:02.000Z,Mobile,iOS App,28.228.75.214,SES001078
EVT00000507,C0434,statement_download,2024-03-28T07:24:35.000Z,Tablet,Samsung Galaxy S23,121.118.199.230,SES006349
EVT00000508,C0826,beneficiary_add,2024-01-08T20:08:37.000Z,Tablet,iOS App,28.102.156.162,SES000269
EVT00000509,C0497,LOGN,2024-03-04T17:38:26.000Z,Desktop,Chrome Browser,75.16.235.132,SES004578
EVT00000510,C0155,balance_check,2024-05-23T05:32:37.000Z,Desktop,iPhone 14,148.100.100.74,SES005646
EVT00000511,C0955,transfer,2024-06-02T04:54:06.000Z,Tablet,Android App,228.35.124.36,SES008551
EVT00000512,C0023,profile_update,2024-04-10T13:29:06.000Z,,Samsung Galaxy S23,15.202.141.42,SES007884
EVT00000513,C0367,profile_update,2024-05-21T15:29:33.000Z,Tablet,Safari,20.21.241.231,SES002384
EVT00000514,C0143,transfer,2024-01-02T15:29:33.000Z,Desktop,iOS App,61.159.197.128,SES008289
EVT00000515,C0898,null,2024-06-23T18:05:59.000Z,Mobile,,207.104.32.229,SES001474
EVT00000516,C0988,logout,2024-04-01T23:55:13.000Z,Desktop,Samsung Galaxy S23,35.34.184.245,SES009954
EVT00000517,C0934,transfer,2024-06-22T18:46:05.000Z,Desktop,Samsung Galaxy S23,132.209.216.158,SES002969
EVT00000518,C0350,transfer,2024-01-17T10:58:42.000Z,Desktop,,230.52.225.225,SES003407
EVT00000519,C0894,loan_apply,2024-02-16T11:32:58.000Z,Tablet,,34.194.67.73,SES007340
EVT00000520,C0971,beneficiary_add,2024-01-03T14:21:35.000Z,Mobile,iPhone 14,62.126.198.156,SES000240
EVT00000521,C0376,profile_update,2024-03-24T06:16:10.000Z,Desktop,Samsung Galaxy S23,212.32.136.155,SES008520
EVT00000522,C0132,balance_check,2024-02-09T14:47:25.000Z,,Safari,210.179.70.141,SES002769
EVT00000523,C0892,lgout,2024-01-10T10:51:35.000Z,Desktop,Safari,140.162.192.20,SES002853
EVT00000524,C0417,login,2024-01-16T16:10:36.000Z,,Chrome Browser,92.134.7.164,SES008832
EVT00000525,C0686,balance_check,2024-02-20T19:53:23.000Z,,iOS App,31.83.146.241,SES008013
EVT00000526,C0242,beneficiary_add,2024-06-17T06:22:32.000Z,Mobile,Samsung Galaxy S23,218.245.101.184,SES006487
EVT00000527,C0337,404,2024-05-22T09:40:59.000Z,Mobile,,8.235.29.87,SES003852
EVT00000528,C0863,statement_download,2024-02-15T20:40:24.000Z,Desktop,Samsung Galaxy S23,169.117.41.239,SES005968
EVT00000529,C0009,statement_download,2024-05-08T09:32:56.000Z,Desktop,Chrome Browser,184.170.134.11,SES000717
EVT00000530,C0285,ERROR,2024-05-23T14:54:47.000Z,Mobile,Chrome Browser,107.160.196.53,SES009856
EVT00000531,C0615,bill_pay,2024-02-12T00:29:35.000Z,Desktop,Android App,146.180.36.209,SES006494
EVT00000532,C0160,statement_download,2024-04-02T04:19:14.000Z,Desktop,Chrome Browser,201.43.172.125,SES002572
EVT00000533,C0340,logout,2024-06-26T16:28:49.000Z,,,54.82.74.221,SES009174
EVT00000534,C0302,profile_update,2024-06-28T00:49:18.000Z,Desktop,Android App,99.189.129.227,SES007898
EVT00000535,C0909,card_block,2024-06-01T10:55:29.000Z,Desktop,Samsung Galaxy S23,54.161.33.162,SES009111
EVT00000536,C0926,beneficiary_add,2024-02-12T19:29:29.000Z,Tablet,,3.245.231.146,SES007241
EVT00000537,C0042,transfer,2024-02-09T09:36:50.000Z,Desktop,iOS App,125.152.5.109,SES005905
EVT00000538,C0220,beneficiary_add,2024-06-12T03:22:59.000Z,Tablet,Android App,19.166.110.115,SES009405
EVT00000539,C0674,card_block,2024-05-18T10:51:11.000Z,,Safari,29.77.183.248,SES009256
EVT00000540,C0380,logout,2024-03-17T14:57:12.000Z,Mobile,Samsung Galaxy S23,43.63.46.191,SES001816
EVT00000541,C0048,login,2024-05-20T00:37:31.000Z,Tablet,Chrome Browser,81.78.10.225,SES007096
EVT00000542,C0476,profile_update,2024-01-13T03:52:46.000Z,Mobile,,118.129.78.18,SES001113
EVT00000543,C0343,bill_pay,2024-03-23T09:12:57.000Z,,,157.216.247.22,SES004773
EVT00000544,C0603,logout,2024-06-28T15:28:58.000Z,Desktop,,93.242.182.180,SES008576
EVT00000545,C0470,beneficiary_add,2024-01-28T14:03:07.000Z,Tablet,Android App,115.57.121.191,SES001696
EVT00000546,C0060,beneficiary_add,2024-06-25T21:53:06.000Z,,Chrome Browser,223.36.23.178,SES009204
EVT00000547,C0194,bill_pay,2024-04-12T16:33:28.000Z,,iPhone 14,217.224.104.176,SES005914
EVT00000548,C0411,card_block,2024-02-15T15:38:52.000Z,Tablet,Chrome Browser,173.144.172.51,SES006252
EVT00000549,C0869,login,2024-04-05T23:26:49.000Z,,Safari,45.15.208.114,SES007895
EVT00000550,C0274,ERROR,2024-01-04T20:12:32.000Z,,Android App,4.241.83.55,SES007487
EVT00000551,C0626,transfer,2024-02-12T06:34:26.000Z,Desktop,Samsung Galaxy S23,137.97.189.36,SES009154
EVT00000552,C0006,balance_check,2024-05-07T19:02:31.000Z,Desktop,Android App,46.160.83.196,SES002793
EVT00000553,C0599,balance_check,2024-06-09T08:44:32.000Z,Desktop,Chrome Browser,130.242.66.11,SES008828
EVT00000554,C0820,statement_download,2024-02-01T05:43:33.000Z,Desktop,Safari,8.228.130.33,SES000947
EVT00000555,C0615,transfer,2024-02-10T12:30:08.000Z,Desktop,Safari,64.10.42.186,SES009323
EVT00000556,C0354,balance_check,2024-04-07T04:54:22.000Z,Mobile,iOS App,38.18.52.69,SES003672
EVT00000557,C0488,balance_check,2024-04-08T02:16:16.000Z,Tablet,Chrome Browser,23.55.216.140,SES008622
EVT00000558,C0916,logout,2024-03-16T09:02:55.000Z,Mobile,Samsung Galaxy S23,141.68.223.255,SES008459
EVT00000559,C0265,profile_update,2024-03-10T10:47:31.000Z,Tablet,,94.39.159.150,SES004211
EVT00000560,C0133,logout,2024-01-02T10:39:30.000Z,Desktop,,231.156.113.215,SES004558
EVT00000561,C0721,bill_pay,2024-03-20T00:30:21.000Z,,Android App,119.126.74.43,SES007092
EVT00000562,C0486,balance_check,2024-01-08T23:45:01.000Z,Tablet,iPhone 14,13.35.106.177,SES001941
EVT00000563,C0982,loan_apply,2024-03-17T10:47:14.000Z,Desktop,iOS App,98.110.62.78,SES006499
EVT00000564,C0697,logout,2024-01-05T14:42:36.000Z,Mobile,,144.105.133.231,SES005972
EVT00000565,C0104,statement_download,2024-01-28T15:06:40.000Z,Desktop,Samsung Galaxy S23,61.169.220.221,SES006702
EVT00000566,C0752,transfer,2024-01-13T23:49:12.000Z,Tablet,iPhone 14,45.118.233.78,SES004431
EVT00000567,C0366,"""""",2024-05-20T19:49:22.000Z,Desktop,Android App,218.119.145.21,SES000097
EVT00000568,C0018,profile_update,2024-05-22T13:54:30.000Z,Desktop,,230.70.199.203,SES005523
EVT00000569,C0851,404,2024-02-22T13:16:25.000Z,Mobile,,204.41.212.73,SES000267
EVT00000570,C0519,balance_check,2024-04-16T00:16:39.000Z,Tablet,,234.122.72.169,SES007196
EVT00000571,C0966,LOGN,2024-05-19T14:29:37.000Z,Desktop,Android App,158.210.29.21,SES003078
EVT00000572,C0260,loan_apply,2024-06-01T08:59:19.000Z,,,128.15.7.150,SES003333
EVT00000573,C0711,loan_apply,2024-06-07T05:14:28.000Z,Desktop,iOS App,138.154.128.143,SES002485
EVT00000574,C0203,balance_check,2024-06-15T15:14:02.000Z,Mobile,Android App,220.127.96.96,SES005836
EVT00000575,C0138,logout,2024-01-27T02:23:18.000Z,Desktop,,97.104.42.29,SES001744
EVT00000576,C0542,profile_update,2024-06-23T22:06:26.000Z,Tablet,Chrome Browser,13.146.233.143,SES005524
EVT00000577,C0250,card_block,2024-02-13T00:48:07.000Z,Desktop,iPhone 14,221.16.180.20,SES005279
EVT00000578,C0074,unknown,2024-01-12T04:13:14.000Z,Desktop,Safari,24.188.184.157,SES002273
EVT00000579,C0181,balance_check,2024-05-03T12:12:29.000Z,Mobile,iPhone 14,163.218.227.164,SES000574
EVT00000580,C0111,loan_apply,2024-06-25T05:24:24.000Z,Mobile,iOS App,123.251.102.179,SES009973
EVT00000581,C1000,balance_check,2024-06-28T02:27:33.000Z,Mobile,Samsung Galaxy S23,249.53.43.98,SES000804
EVT00000582,C0651,loan_apply,2024-01-10T02:50:29.000Z,,Chrome Browser,212.44.49.127,SES002338
EVT00000583,C0963,logout,2024-03-19T00:21:44.000Z,Mobile,,56.165.223.213,SES009970
EVT00000584,C0620,card_block,2024-03-06T19:34:59.000Z,Tablet,Android App,93.236.161.130,SES002102
EVT00000585,C0140,beneficiary_add,2024-02-26T10:35:03.000Z,Desktop,Safari,102.156.121.81,SES001852
EVT00000586,C0984,statement_download,2024-02-03T16:48:27.000Z,Mobile,Safari,4.47.87.152,SES000098
EVT00000587,C0878,loan_apply,2024-06-16T11:53:02.000Z,Mobile,Safari,124.9.46.207,SES001824
EVT00000588,C0101,login,2024-05-23T21:50:34.000Z,Mobile,,248.65.151.80,SES005717
EVT00000589,C0759,card_block,2024-05-01T07:30:01.000Z,,Chrome Browser,238.24.83.86,SES008602
EVT00000590,C0341,404,2024-01-11T20:18:33.000Z,Tablet,Chrome Browser,27.71.64.243,SES009646
EVT00000591,C0740,transfer,2024-05-06T10:09:44.000Z,,iPhone 14,218.4.25.43,SES000654
EVT00000592,C0400,lgout,2024-06-09T01:48:51.000Z,Tablet,iPhone 14,172.56.199.44,SES002814
EVT00000593,C0659,transfer,2024-06-18T04:37:47.000Z,,Safari,104.232.87.42,SES009781
EVT00000594,C0507,bill_pay,2024-06-02T05:44:01.000Z,Mobile,Chrome Browser,95.121.105.241,SES005856
EVT00000595,C0725,bill_pay,2024-05-22T02:26:12.000Z,Tablet,Android App,248.80.132.252,SES003227
EVT00000596,C0611,null,2024-01-11T21:22:10.000Z,Mobile,,29.25.109.138,SES001535
EVT00000597,C0088,balance_check,2024-02-03T15:45:59.000Z,Tablet,Safari,168.225.254.246,SES001521
EVT00000598,C0711,balance_check,2024-06-22T21:40:05.000Z,Desktop,,67.105.85.91,SES004885
EVT00000599,C0243,transfer,2024-04-18T07:04:59.000Z,Mobile,Chrome Browser,177.69.182.177,SES006161
EVT00000600,C0509,logout,2024-03-15T23:37:38.000Z,Tablet,Android App,142.117.168.242,SES004701
EVT00000601,C0628,logout,2024-03-17T09:02:58.000Z,Tablet,,200.6.19.8,SES006948
EVT00000602,C0840,bill_pay,2024-01-10T06:39:23.000Z,,Android App,156.103.14.141,SES006952
EVT00000603,C0607,logout,2024-05-03T03:14:19.000Z,Desktop,,5.121.232.49,SES004092
EVT00000604,C0127,loan_apply,2024-02-06T12:44:48.000Z,Desktop,,134.66.73.171,SES005385
EVT00000605,C0359,logout,2024-06-24T17:17:05.000Z,Mobile,Safari,206.254.197.37,SES007137
EVT00000606,C0708,profile_update,2024-05-14T12:11:50.000Z,Tablet,Safari,107.128.173.42,SES006113
EVT00000607,C0261,statement_download,2024-05-09T22:30:30.000Z,Mobile,Samsung Galaxy S23,29.136.236.216,SES006694
EVT00000608,C0876,card_block,2024-01-18T10:21:49.000Z,,Safari,0.115.15.0,SES002025
EVT00000609,C0010,balance_check,2024-06-26T02:04:18.000Z,,Android App,32.147.87.100,SES009716
EVT00000610,C0908,statement_download,2024-02-06T19:25:57.000Z,Tablet,Samsung Galaxy S23,49.134.235.88,SES001530
EVT00000611,C0722,transfer,2024-03-14T16:44:45.000Z,Desktop,,247.126.148.197,SES008722
EVT00000612,C0083,bill_pay,2024-04-07T09:29:31.000Z,Desktop,Safari,184.113.158.74,SES008942
EVT00000613,C0740,logout,2024-01-21T21:19:14.000Z,Mobile,Chrome Browser,79.123.185.41,SES001926
EVT00000614,C0165,loan_apply,2024-06-12T04:43:45.000Z,Desktop,Chrome Browser,206.6.34.18,SES006047
EVT00000615,C0511,balance_check,2024-01-16T19:08:41.000Z,Tablet,Android App,22.187.84.67,SES008772
EVT00000616,C0011,ERROR,2024-06-07T04:54:20.000Z,Mobile,iPhone 14,74.95.206.142,SES000017
EVT00000617,C0523,transfer,2024-01-07T18:50:54.000Z,Tablet,Chrome Browser,104.216.229.144,SES005948
EVT00000618,C0634,balance_check,2024-05-03T11:37:18.000Z,,Android App,53.161.150.208,SES001802
EVT00000619,C0566,bill_pay,2024-06-25T18:25:46.000Z,Mobile,iOS App,103.160.47.175,SES002651
EVT00000620,C0407,ERROR,2024-05-20T01:36:20.000Z,,Safari,77.129.78.202,SES006192
EVT00000621,C0043,bill_pay,2024-06-10T00:17:11.000Z,Desktop,iOS App,5.116.46.138,SES003295
EVT00000622,C0259,xfer,2024-05-09T22:50:08.000Z,Mobile,Android App,106.61.114.154,SES000344
EVT00000623,C0035,lgout,2024-05-25T21:40:32.000Z,Desktop,Safari,34.115.99.104,SES001195
EVT00000624,C0138,profile_update,2024-02-05T01:08:53.000Z,Tablet,Safari,244.181.67.229,SES001229
EVT00000625,C0359,profile_update,2024-04-07T03:20:06.000Z,Mobile,Android App,66.80.206.134,SES000320
EVT00000626,C0915,card_block,2024-06-09T13:48:02.000Z,Desktop,Samsung Galaxy S23,92.192.235.86,SES009844
EVT00000627,C0772,profile_update,2024-02-09T21:46:48.000Z,Desktop,,228.219.133.179,SES005992
EVT00000628,C0482,statement_download,2024-06-06T21:18:18.000Z,Mobile,Android App,66.158.48.95,SES002669
EVT00000629,C0249,transfer,2024-04-16T14:27:21.000Z,Tablet,Android App,251.235.87.25,SES000679
EVT00000630,C0556,card_block,2024-03-28T14:12:02.000Z,,iPhone 14,21.228.251.122,SES000599
EVT00000631,C0475,bill_pay,2024-05-01T02:19:29.000Z,,Android App,171.172.71.57,SES002445
EVT00000632,C0624,card_block,2024-02-10T00:45:00.000Z,Desktop,Chrome Browser,118.227.61.156,SES009215
EVT00000633,C0559,loan_apply,2024-01-21T10:06:52.000Z,Desktop,iPhone 14,145.17.178.111,SES004869
EVT00000634,C0413,404,2024-03-17T21:42:48.000Z,Desktop,Safari,234.90.31.132,SES006638
EVT00000635,C0425,balance_check,2024-01-18T10:59:40.000Z,Tablet,Android App,208.6.72.180,SES009491
EVT00000636,C0048,transfer,2024-02-27T05:15:18.000Z,Desktop,iOS App,122.76.247.242,SES001115
EVT00000637,C0145,lgout,2024-01-14T20:48:19.000Z,Mobile,,108.145.65.93,SES008832
EVT00000638,C0172,transfer,2024-03-21T04:13:55.000Z,,Android App,217.253.69.115,SES004938
EVT00000639,C0980,beneficiary_add,2024-05-05T07:42:39.000Z,,Safari,65.249.181.154,SES000269
EVT00000640,C0012,"""""",2024-03-20T12:54:19.000Z,Tablet,iPhone 14,193.183.243.219,SES004143
EVT00000641,C0644,logout,2024-01-28T14:38:40.000Z,Mobile,Android App,179.51.253.0,SES009409
EVT00000642,C0117,balance_check,2024-03-21T00:40:48.000Z,Tablet,,196.237.58.202,SES008044
EVT00000643,C0875,logout,2024-01-12T17:58:06.000Z,Mobile,,23.144.48.124,SES007812
EVT00000644,C0792,bill_pay,2024-03-13T11:21:43.000Z,,iPhone 14,104.214.241.90,SES006230
EVT00000645,C0524,statement_download,2024-05-19T01:26:04.000Z,Mobile,Chrome Browser,103.135.200.87,SES004104
EVT00000646,C0937,profile_update,2024-01-06T21:37:17.000Z,Desktop,Samsung Galaxy S23,175.138.4.205,SES006070
EVT00000647,C0847,ERROR,2024-06-15T02:58:24.000Z,Desktop,Chrome Browser,52.1.89.41,SES007076
EVT00000648,C0703,profile_update,2024-01-22T04:01:45.000Z,Mobile,,219.5.54.24,SES008349
EVT00000649,C0277,card_block,2024-03-28T10:38:58.000Z,Tablet,iOS App,122.166.194.66,SES003281
EVT00000650,C0142,transfer,2024-03-19T00:58:24.000Z,Desktop,iOS App,240.220.174.57,SES006493
EVT00000651,C0085,card_block,2024-02-03T07:01:46.000Z,Desktop,Samsung Galaxy S23,119.215.237.106,SES008525
EVT00000652,C0395,card_block,2024-06-09T19:04:05.000Z,Desktop,iOS App,138.201.148.24,SES005988
EVT00000653,C0955,beneficiary_add,2024-05-24T03:15:35.000Z,Mobile,Safari,177.208.87.7,SES008538
EVT00000654,C0038,statement_download,2024-05-03T07:53:05.000Z,Mobile,iOS App,252.246.9.181,SES009477
EVT00000655,C0278,loan_apply,2024-04-11T08:15:18.000Z,Desktop,Android App,202.27.53.24,SES007189
EVT00000656,C0549,profile_update,2024-06-05T00:21:31.000Z,,iPhone 14,32.180.35.138,SES005073
EVT00000657,C0430,statement_download,2024-01-11T01:34:18.000Z,Desktop,,78.95.39.173,SES004284
EVT00000658,C0055,bill_pay,2024-01-06T09:27:27.000Z,Tablet,Samsung Galaxy S23,111.189.14.246,SES005607
EVT00000659,C0601,balance_check,2024-05-27T19:37:59.000Z,,,133.120.109.42,SES000368
EVT00000660,C0687,LOGN,2024-06-12T05:20:40.000Z,,Android App,123.32.140.161,SES003647
EVT00000661,C0665,loan_apply,2024-04-11T16:12:29.000Z,Mobile,iOS App,153.174.215.231,SES005861
EVT00000662,C0394,beneficiary_add,2024-04-15T21:50:59.000Z,Tablet,iPhone 14,128.107.121.32,SES004678
EVT00000663,C0881,xfer,2024-01-06T09:16:36.000Z,Mobile,Safari,157.79.231.128,SES007514
EVT00000664,C0706,transfer,2024-01-27T05:59:40.000Z,Tablet,Safari,94.194.206.91,SES006064
EVT00000665,C0062,unknown,2024-01-28T22:47:26.000Z,Tablet,iPhone 14,241.229.62.10,SES004114
EVT00000666,C0498,bill_pay,2024-05-11T19:23:10.000Z,Mobile,Chrome Browser,213.186.74.80,SES005462
EVT00000667,C0347,transfer,2024-06-01T00:54:48.000Z,Tablet,Chrome Browser,183.31.37.216,SES008125
EVT00000668,C0852,bill_pay,2024-04-02T11:02:21.000Z,Desktop,iOS App,218.112.23.119,SES004967
EVT00000669,C0334,card_block,2024-06-12T06:00:01.000Z,Mobile,iPhone 14,100.216.104.30,SES007620
EVT00000670,C0612,balance_check,2024-01-25T23:43:09.000Z,Desktop,Android App,28.194.62.90,SES007218
EVT00000671,C0942,statement_download,2024-04-17T22:33:28.000Z,Mobile,Safari,64.250.161.230,SES001739
EVT00000672,C0341,transfer,2024-02-22T09:51:45.000Z,,Samsung Galaxy S23,240.16.159.227,SES008725
EVT00000673,C0248,transfer,2024-02-06T14:37:07.000Z,Tablet,Android App,240.241.151.143,SES002366
EVT00000674,C0798,login,2024-02-13T11:15:39.000Z,Desktop,,167.209.121.53,SES000836
EVT00000675,C0681,lgout,2024-01-03T13:32:09.000Z,,iPhone 14,56.194.150.7,SES003287
EVT00000676,C0324,card_block,2024-06-18T00:37:29.000Z,Desktop,iOS App,239.16.168.116,SES001028
EVT00000677,C0347,login,2024-04-23T20:47:32.000Z,Mobile,iOS App,101.163.176.182,SES000380
EVT00000678,C0965,card_block,2024-06-10T07:13:18.000Z,Desktop,,34.93.101.194,SES006294
EVT00000679,C0748,bill_pay,2024-06-26T11:00:03.000Z,,,39.99.244.90,SES002545
EVT00000680,C0832,login,2024-06-18T22:45:28.000Z,Tablet,Samsung Galaxy S23,70.48.248.251,SES002775
EVT00000681,C0670,LOGN,2024-06-27T02:11:37.000Z,,,64.168.235.57,SES000347
EVT00000682,C0735,beneficiary_add,2024-01-09T10:26:55.000Z,Tablet,Android App,177.136.88.251,SES007767
EVT00000683,C0015,profile_update,2024-04-08T16:51:26.000Z,Tablet,Android App,18.10.90.146,SES006041
EVT00000684,C0728,logout,2024-06-17T01:57:48.000Z,Desktop,Safari,82.2.207.137,SES000096
EVT00000685,C0385,card_block,2024-06-05T06:17:05.000Z,Mobile,Safari,97.136.121.202,SES003254
EVT00000686,C0215,beneficiary_add,2024-02-07T05:23:23.000Z,Desktop,Samsung Galaxy S23,175.142.228.126,SES002833
EVT00000687,C0557,beneficiary_add,2024-03-25T08:56:15.000Z,Mobile,iPhone 14,147.212.51.255,SES003620
EVT00000688,C0517,transfer,2024-01-06T20:37:32.000Z,Tablet,Android App,240.69.21.49,SES003161
EVT00000689,C0597,beneficiary_add,2024-02-27T09:32:09.000Z,Tablet,Android App,254.130.146.96,SES002042
EVT00000690,C0199,logout,2024-05-19T05:29:32.000Z,Desktop,Chrome Browser,108.2.87.43,SES008782
EVT00000691,C0125,transfer,2024-04-15T19:19:06.000Z,Mobile,iOS App,3.3.57.55,SES002746
EVT00000692,C0356,bill_pay,2024-05-03T10:08:54.000Z,,Safari,95.66.1.217,SES003599
EVT00000693,C0197,login,2024-02-02T03:42:09.000Z,,Android App,203.166.31.49,SES003074
EVT00000694,C0280,statement_download,2024-03-19T04:56:03.000Z,Desktop,Android App,43.227.157.5,SES008027
EVT00000695,C0743,login,2024-06-10T16:25:38.000Z,Tablet,iPhone 14,185.59.118.78,SES007613
EVT00000696,C0664,logout,2024-02-24T20:27:15.000Z,Tablet,Chrome Browser,11.222.222.93,SES009622
EVT00000697,C0137,bill_pay,2024-04-24T23:54:50.000Z,Desktop,iOS App,89.149.115.45,SES001576
EVT00000698,C0715,statement_download,2024-03-10T05:37:16.000Z,Mobile,iPhone 14,221.125.241.57,SES009635
EVT00000699,C0334,loan_apply,2024-03-04T23:15:28.000Z,,iPhone 14,164.218.104.81,SES003963
EVT00000700,C0907,balance_check,2024-01-28T15:19:35.000Z,Tablet,Chrome Browser,159.26.85.111,SES001860
EVT00000701,C0340,loan_apply,2024-02-03T16:01:29.000Z,Tablet,Chrome Browser,76.95.104.215,SES001538
EVT00000702,C0980,balance_check,2024-06-07T08:44:10.000Z,Desktop,Safari,17.155.27.166,SES009351
EVT00000703,C0982,logout,2024-04-06T01:22:09.000Z,Mobile,Samsung Galaxy S23,9.23.152.48,SES007422
EVT00000704,C0258,logout,2024-04-01T21:00:28.000Z,,Samsung Galaxy S23,46.23.139.204,SES006997
EVT00000705,C0677,balance_check,2024-01-28T01:49:23.000Z,Desktop,Android App,2.173.100.249,SES002760
EVT00000706,C0663,bill_pay,2024-06-01T21:02:28.000Z,Desktop,Chrome Browser,230.216.252.67,SES003893
EVT00000707,C0670,statement_download,2024-01-20T20:16:56.000Z,Desktop,,37.69.208.94,SES003422
EVT00000708,C0213,"""""",2024-03-09T23:01:35.000Z,,Chrome Browser,110.117.141.83,SES005478
EVT00000709,C0070,statement_download,2024-06-07T07:47:36.000Z,Tablet,Chrome Browser,122.91.221.229,SES006972
EVT00000710,C0217,"""""",2024-01-16T11:02:59.000Z,,iOS App,100.236.225.194,SES004460
EVT00000711,C0415,login,2024-06-02T13:48:23.000Z,Desktop,,86.79.231.117,SES003873
EVT00000712,C0462,balance_check,2024-01-09T08:23:52.000Z,Tablet,Chrome Browser,2.238.115.212,SES005449
EVT00000713,C0566,transfer,2024-05-01T03:35:34.000Z,Tablet,Android App,43.39.170.122,SES005998
EVT00000714,C0421,card_block,2024-03-06T21:14:04.000Z,,Chrome Browser,253.166.175.220,SES004019
EVT00000715,C0797,logout,2024-06-26T15:22:16.000Z,Mobile,Chrome Browser,121.187.26.233,SES003177
EVT00000716,C0657,logout,2024-05-05T08:47:10.000Z,Desktop,,137.19.85.0,SES006621
EVT00000717,C0783,statement_download,2024-02-03T22:14:07.000Z,Tablet,Samsung Galaxy S23,116.214.192.255,SES004558
EVT00000718,C0789,bill_pay,2024-01-06T10:38:28.000Z,Mobile,Safari,225.141.161.38,SES009820
EVT00000719,C0389,profile_update,2024-05-15T01:54:41.000Z,Mobile,iPhone 14,211.57.7.62,SES007338
EVT00000720,C0316,login,2024-06-15T19:05:31.000Z,Tablet,Safari,97.125.231.193,SES000427
EVT00000721,C0347,statement_download,2024-02-17T11:00:59.000Z,Mobile,iPhone 14,253.132.58.152,SES007420
EVT00000722,C0964,beneficiary_add,2024-03-24T19:41:36.000Z,Desktop,,119.232.26.16,SES005474
EVT00000723,C0375,bill_pay,2024-04-25T08:14:44.000Z,Desktop,Android App,30.104.7.44,SES000722
EVT00000724,C0518,logout,2024-06-08T00:54:23.000Z,,Samsung Galaxy S23,127.51.64.188,SES004392
EVT00000725,C0079,card_block,2024-05-15T17:41:22.000Z,Mobile,Samsung Galaxy S23,172.0.238.191,SES009874
EVT00000726,C0139,logout,2024-04-07T11:53:13.000Z,Tablet,iPhone 14,32.125.120.133,SES008827
EVT00000727,C0936,loan_apply,2024-01-20T03:33:13.000Z,Desktop,,180.51.176.116,SES007437
EVT00000728,C0625,balance_check,2024-05-21T23:16:36.000Z,Desktop,iPhone 14,191.252.154.105,SES004703
EVT00000729,C0347,profile_update,2024-06-07T01:40:13.000Z,Mobile,Chrome Browser,7.209.5.61,SES008675
EVT00000730,C0192,unknown,2024-06-27T13:48:53.000Z,,Chrome Browser,19.25.208.59,SES005551
EVT00000731,C0118,statement_download,2024-03-25T03:20:21.000Z,Tablet,iPhone 14,157.157.52.140,SES004100
EVT00000732,C0288,login,2024-05-02T08:51:01.000Z,Tablet,Chrome Browser,150.100.206.229,SES003566
EVT00000733,C0850,card_block,2024-05-17T10:35:02.000Z,Desktop,Android App,62.69.72.250,SES007406
EVT00000734,C0691,logout,2024-04-15T11:33:52.000Z,,Samsung Galaxy S23,112.78.119.149,SES003593
EVT00000735,C0653,LOGN,2024-06-24T20:51:58.000Z,Mobile,Safari,232.158.225.52,SES007173
EVT00000736,C0831,transfer,2024-04-28T18:16:24.000Z,Desktop,iOS App,139.162.110.252,SES006072
EVT00000737,C0840,statement_download,2024-02-17T14:15:11.000Z,Desktop,iPhone 14,229.3.158.243,SES004842
EVT00000738,C0144,card_block,2024-06-06T21:16:57.000Z,,iPhone 14,69.7.247.190,SES006721
EVT00000739,C0451,"""""",2024-01-15T01:29:04.000Z,Mobile,iOS App,94.28.175.157,SES000230
EVT00000740,C0142,"""""",2024-06-20T18:36:03.000Z,Desktop,iPhone 14,130.90.243.78,SES001143
EVT00000741,C0016,bill_pay,2024-06-26T04:31:21.000Z,Mobile,,96.145.100.59,SES000002
EVT00000742,C0253,statement_download,2024-02-08T20:57:02.000Z,Mobile,Safari,30.70.126.227,SES006661
EVT00000743,C0955,card_block,2024-05-28T09:09:33.000Z,Desktop,Chrome Browser,165.151.48.198,SES008320
EVT00000744,C0941,card_block,2024-05-21T11:52:36.000Z,Mobile,Samsung Galaxy S23,185.244.110.141,SES007262
EVT00000745,C0099,beneficiary_add,2024-05-28T06:00:48.000Z,,Chrome Browser,201.156.66.166,SES002973
EVT00000746,C0640,balance_check,2024-06-23T00:10:53.000Z,Tablet,Android App,226.147.140.151,SES000580
EVT00000747,C0363,profile_update,2024-06-25T04:28:47.000Z,Mobile,Safari,221.18.9.209,SES001346
EVT00000748,C0028,login,2024-04-18T16:31:25.000Z,Mobile,iPhone 14,12.49.117.0,SES000434
EVT00000749,C0646,balance_check,2024-02-24T15:44:43.000Z,Tablet,Android App,107.206.148.254,SES004481
EVT00000750,C0290,loan_apply,2024-06-05T04:26:41.000Z,Tablet,iOS App,202.234.240.2,SES006701
EVT00000751,C0946,bill_pay,2024-01-15T08:54:27.000Z,Mobile,Safari,133.180.246.18,SES005297
EVT00000752,C0465,balance_check,2024-01-16T23:29:56.000Z,Desktop,,129.190.50.10,SES009426
EVT00000753,C0628,loan_apply,2024-06-25T18:42:23.000Z,Mobile,Chrome Browser,54.233.187.112,SES006045
EVT00000754,C0511,beneficiary_add,2024-04-08T05:47:53.000Z,,Android App,237.101.229.120,SES009733
EVT00000755,C0975,login,2024-05-02T13:45:47.000Z,Desktop,iOS App,134.119.129.27,SES001434
EVT00000756,C0020,login,2024-05-05T08:34:36.000Z,Tablet,Android App,162.112.192.134,SES007359
EVT00000757,C0886,login,2024-02-28T18:15:59.000Z,Tablet,Android App,178.178.190.80,SES006270
EVT00000758,C0220,transfer,2024-03-19T20:04:56.000Z,,Android App,98.122.12.18,SES003222
EVT00000759,C0515,null,2024-06-16T03:37:01.000Z,Mobile,Safari,37.133.93.77,SES008076
EVT00000760,C0452,card_block,2024-01-19T12:22:10.000Z,Tablet,Android App,75.212.48.162,SES008973
EVT00000761,C0812,card_block,2024-06-13T01:35:29.000Z,,Safari,69.136.197.222,SES007887
EVT00000762,C0681,logout,2024-03-20T19:38:01.000Z,Mobile,iPhone 14,31.55.246.191,SES003772
EVT00000763,C0881,login,2024-04-15T07:59:41.000Z,Tablet,Safari,69.204.137.179,SES007583
EVT00000764,C0697,balance_check,2024-04-20T15:16:14.000Z,,iOS App,218.184.33.202,SES000630
EVT00000765,C0222,balance_check,2024-01-03T20:39:13.000Z,Tablet,Android App,234.80.1.137,SES001243
EVT00000766,C0969,balance_check,2024-03-24T23:06:34.000Z,Tablet,Samsung Galaxy S23,49.111.243.29,SES009404
EVT00000767,C0907,transfer,2024-03-04T21:33:26.000Z,,iOS App,6.153.225.168,SES001282
EVT00000768,C0990,bill_pay,2024-05-05T11:13:42.000Z,Desktop,Safari,220.95.37.116,SES001723
EVT00000769,C0629,card_block,2024-01-06T22:17:12.000Z,Mobile,iOS App,236.141.45.247,SES008269
EVT00000770,C0859,transfer,2024-04-14T14:02:10.000Z,Mobile,iOS App,139.76.48.233,SES000363
EVT00000771,C0068,LOGN,2024-04-14T18:11:21.000Z,Mobile,,174.30.71.172,SES002545
EVT00000772,C0072,card_block,2024-03-09T17:03:22.000Z,Desktop,Safari,96.8.94.53,SES008093
EVT00000773,C0490,login,2024-03-19T22:23:47.000Z,Desktop,,241.223.99.100,SES000103
EVT00000774,C0648,ERROR,2024-05-01T11:59:25.000Z,,Chrome Browser,89.213.140.86,SES007768
EVT00000775,C0591,balance_check,2024-01-21T23:06:18.000Z,Desktop,Safari,5.38.241.145,SES001085
EVT00000776,C0137,transfer,2024-03-04T19:49:11.000Z,Tablet,Samsung Galaxy S23,161.115.109.147,SES002662
EVT00000777,C0055,profile_update,2024-03-27T14:15:47.000Z,,iOS App,57.13.36.96,SES002344
EVT00000778,C0217,statement_download,2024-03-18T06:45:33.000Z,Mobile,Chrome Browser,227.31.120.247,SES007749
EVT00000779,C0434,login,2024-06-01T05:41:10.000Z,Mobile,Chrome Browser,255.52.230.215,SES004025
EVT00000780,C0974,statement_download,2024-03-21T05:37:44.000Z,Desktop,Android App,150.8.121.203,SES006627
EVT00000781,C0613,bill_pay,2024-06-12T22:40:57.000Z,Tablet,iOS App,7.100.147.15,SES004339
EVT00000782,C0177,logout,2024-02-13T09:13:17.000Z,Tablet,,180.19.148.36,SES007507
EVT00000783,C0215,LOGN,2024-03-01T23:56:18.000Z,Mobile,Android App,101.17.32.60,SES002776
EVT00000784,C0672,bill_pay,2024-05-25T02:49:07.000Z,,Safari,1.20.154.4,SES009007
EVT00000785,C0714,bill_pay,2024-01-13T15:07:10.000Z,Desktop,,182.248.25.102,SES001134
EVT00000786,C0738,card_block,2024-03-08T10:33:08.000Z,Mobile,Android App,58.109.223.174,SES006973
EVT00000787,C0028,statement_download,2024-01-16T11:55:43.000Z,,,20.70.231.246,SES007206
EVT00000788,C0375,profile_update,2024-06-02T06:14:02.000Z,Desktop,iPhone 14,240.89.37.50,SES005408
EVT00000789,C0667,statement_download,2024-05-10T09:35:07.000Z,Mobile,Samsung Galaxy S23,148.236.124.40,SES007093
EVT00000790,C0407,bill_pay,2024-06-17T21:46:31.000Z,Mobile,iOS App,211.49.143.106,SES004434
EVT00000791,C0976,null,2024-03-21T18:14:54.000Z,Tablet,Android App,102.44.221.107,SES002622
EVT00000792,C0446,balance_check,2024-05-24T09:53:15.000Z,Tablet,,162.66.61.114,SES004849
EVT00000793,C0840,transfer,2024-04-25T05:52:43.000Z,Mobile,Safari,163.208.74.189,SES003106
EVT00000794,C0656,LOGN,2024-02-02T18:50:24.000Z,Mobile,iPhone 14,171.85.188.254,SES003114
EVT00000795,C0913,profile_update,2024-03-05T09:34:47.000Z,,iPhone 14,110.216.122.155,SES008152
EVT00000796,C0876,beneficiary_add,2024-05-10T02:01:14.000Z,Desktop,,126.45.146.253,SES007786
EVT00000797,C0147,loan_apply,2024-01-13T01:57:48.000Z,Mobile,,3.149.251.140,SES005130
EVT00000798,C0729,login,2024-06-08T09:59:31.000Z,Desktop,Android App,85.109.64.163,SES003699
EVT00000799,C0660,logout,2024-02-01T04:34:55.000Z,Mobile,iOS App,2.242.243.116,SES001473
EVT00000800,C0258,logout,2024-01-19T08:36:32.000Z,Tablet,Safari,132.10.141.80,SES009946
EVT00000801,C0674,transfer,2024-04-22T03:57:20.000Z,,Samsung Galaxy S23,4.248.142.40,SES007195
EVT00000802,C0063,login,2024-04-13T05:57:07.000Z,Mobile,iOS App,180.49.58.69,SES009005
EVT00000803,C0874,card_block,2024-01-05T20:59:10.000Z,Mobile,iPhone 14,24.119.217.60,SES004531
EVT00000804,C0752,balance_check,2024-05-20T09:01:21.000Z,Desktop,,197.174.56.75,SES003540
EVT00000805,C0762,lgout,2024-05-05T02:50:33.000Z,Desktop,Samsung Galaxy S23,178.73.129.229,SES003805
EVT00000806,C0197,statement_download,2024-05-24T17:05:54.000Z,Tablet,Samsung Galaxy S23,122.12.253.221,SES007356
EVT00000807,C0313,profile_update,2024-05-17T06:15:13.000Z,Desktop,,219.128.83.73,SES002034
EVT00000808,C0927,profile_update,2024-01-10T05:47:37.000Z,Mobile,Samsung Galaxy S23,6.104.167.199,SES009058
EVT00000809,C0333,xfer,2024-06-03T13:28:57.000Z,Tablet,iPhone 14,158.20.122.7,SES001681
EVT00000810,C0717,bill_pay,2024-06-15T12:44:31.000Z,Mobile,Safari,110.56.252.130,SES006149
EVT00000811,C0610,statement_download,2024-03-08T13:02:09.000Z,Desktop,iPhone 14,161.141.200.37,SES007995
EVT00000812,C0598,statement_download,2024-04-08T09:16:28.000Z,Desktop,Safari,107.96.111.154,SES002663
EVT00000813,C0121,logout,2024-04-28T02:18:31.000Z,Desktop,Samsung Galaxy S23,221.192.186.29,SES005837
EVT00000814,C0281,loan_apply,2024-05-07T05:18:41.000Z,Desktop,Android App,18.191.95.105,SES009648
EVT00000815,C0964,balance_check,2024-05-26T17:09:10.000Z,Tablet,Android App,212.249.135.244,SES001095
EVT00000816,C0002,login,2024-05-16T03:17:44.000Z,Desktop,Chrome Browser,90.228.81.80,SES000802
EVT00000817,C0492,beneficiary_add,2024-06-13T12:19:39.000Z,Tablet,iPhone 14,74.16.210.193,SES003382
EVT00000818,C0531,beneficiary_add,2024-06-27T03:53:45.000Z,Mobile,,242.98.191.35,SES008287
EVT00000819,C0665,login,2024-04-09T10:03:45.000Z,Desktop,,148.9.201.142,SES006195
EVT00000820,C0382,transfer,2024-06-25T20:00:58.000Z,Desktop,,238.188.112.53,SES000131
EVT00000821,C0866,statement_download,2024-02-02T19:37:35.000Z,Tablet,Safari,198.194.55.18,SES003723
EVT00000822,C0648,card_block,2024-04-23T07:50:06.000Z,Desktop,iOS App,246.208.49.134,SES006682
EVT00000823,C0365,card_block,2024-03-26T14:59:21.000Z,,,96.88.109.95,SES000823
EVT00000824,C0193,logout,2024-06-14T18:37:43.000Z,,Chrome Browser,154.70.118.61,SES003892
EVT00000825,C0532,bill_pay,2024-05-17T23:53:38.000Z,Mobile,iPhone 14,89.53.167.115,SES001020
EVT00000826,C0226,card_block,2024-06-14T18:51:45.000Z,Mobile,iPhone 14,250.220.43.108,SES005870
EVT00000827,C0311,logout,2024-04-08T04:19:44.000Z,Mobile,iOS App,238.25.146.146,SES001250
EVT00000828,C0344,transfer,2024-01-02T11:07:25.000Z,Tablet,,42.48.137.222,SES004384
EVT00000829,C0918,bill_pay,2024-06-15T09:42:30.000Z,Mobile,Samsung Galaxy S23,220.183.92.129,SES005667
EVT00000830,C0427,logout,2024-04-27T02:26:15.000Z,Mobile,Samsung Galaxy S23,94.231.19.163,SES003207
EVT00000831,C0196,balance_check,2024-01-05T14:59:35.000Z,Mobile,iOS App,145.232.17.42,SES009172
EVT00000832,C0760,balance_check,2024-04-23T19:35:09.000Z,Desktop,,149.211.38.78,SES009375
EVT00000833,C0001,profile_update,2024-01-13T07:07:24.000Z,Tablet,iOS App,255.40.71.183,SES007278
EVT00000834,C0217,card_block,2024-06-13T23:05:55.000Z,Mobile,iPhone 14,202.39.26.155,SES001719
EVT00000835,C0493,beneficiary_add,2024-04-10T05:32:23.000Z,Tablet,,254.156.157.243,SES000227
EVT00000836,C0510,logout,2024-05-20T19:50:05.000Z,Desktop,Samsung Galaxy S23,214.207.229.163,SES009119
EVT00000837,C0525,unknown,2024-01-10T11:59:12.000Z,Tablet,iOS App,175.248.188.223,SES002909
EVT00000838,C0744,profile_update,2024-01-21T18:51:44.000Z,Mobile,Samsung Galaxy S23,39.8.209.95,SES005335
EVT00000839,C0802,lgout,2024-02-04T12:32:28.000Z,Tablet,Samsung Galaxy S23,141.16.5.210,SES008697
EVT00000840,C0894,transfer,2024-06-03T18:27:18.000Z,Tablet,Samsung Galaxy S23,7.11.85.66,SES002952
EVT00000841,C0597,login,2024-04-20T07:10:47.000Z,Tablet,iOS App,82.148.191.158,SES008116
EVT00000842,C0011,bill_pay,2024-02-28T20:51:24.000Z,Desktop,Safari,113.9.149.7,SES009904
EVT00000843,C0851,balance_check,2024-01-28T14:54:53.000Z,Tablet,,31.47.176.112,SES007963
EVT00000844,C0146,bill_pay,2024-06-05T22:11:53.000Z,Desktop,Android App,217.18.130.153,SES009268
EVT00000845,C0839,logout,2024-01-03T23:43:32.000Z,Desktop,iOS App,40.115.167.137,SES002384
EVT00000846,C0097,404,2024-05-20T17:55:10.000Z,Desktop,iPhone 14,61.226.12.169,SES004688
EVT00000847,C0676,statement_download,2024-02-27T13:33:18.000Z,,iOS App,168.84.143.213,SES007894
EVT00000848,C0395,transfer,2024-05-05T18:00:33.000Z,Desktop,,174.148.179.28,SES004620
EVT00000849,C0961,card_block,2024-05-19T23:47:46.000Z,Desktop,Safari,100.192.250.62,SES008025
EVT00000850,C0711,beneficiary_add,2024-05-26T16:47:36.000Z,,Android App,1.83.203.220,SES000597
EVT00000851,C0245,transfer,2024-04-14T06:30:30.000Z,Desktop,,172.158.12.185,SES001822
EVT00000852,C0317,loan_apply,2024-03-19T17:16:09.000Z,Desktop,iPhone 14,139.220.44.70,SES003704
EVT00000853,C0249,null,2024-04-16T04:42:56.000Z,Mobile,Android App,32.31.136.214,SES004786
EVT00000854,C0134,lgout,2024-03-16T20:35:35.000Z,Tablet,Chrome Browser,59.74.243.220,SES008703
EVT00000855,C0275,bill_pay,2024-06-27T02:11:32.000Z,Tablet,iPhone 14,38.131.93.125,SES006466
EVT00000856,C0225,beneficiary_add,2024-02-28T03:32:21.000Z,Tablet,,46.126.89.235,SES007805
EVT00000857,C0698,transfer,2024-01-14T12:24:00.000Z,Mobile,Chrome Browser,229.17.23.113,SES000287
EVT00000858,C0439,loan_apply,2024-05-22T23:35:30.000Z,Tablet,iOS App,110.160.6.9,SES008688
EVT00000859,C0235,statement_download,2024-03-04T22:12:11.000Z,,Safari,155.4.19.112,SES007123
EVT00000860,C0395,logout,2024-06-13T11:43:07.000Z,Desktop,iOS App,73.13.166.63,SES007017
EVT00000861,C0565,lgout,2024-06-28T05:05:01.000Z,Tablet,Samsung Galaxy S23,59.254.77.135,SES007946
EVT00000862,C0026,card_block,2024-04-13T13:30:54.000Z,Tablet,Safari,84.230.63.210,SES008622
EVT00000863,C0977,profile_update,2024-01-07T08:31:46.000Z,Desktop,,56.90.103.39,SES000206
EVT00000864,C0481,transfer,2024-01-04T17:43:09.000Z,Tablet,iOS App,94.142.125.75,SES003054
EVT00000865,C0446,card_block,2024-03-17T17:16:42.000Z,,iPhone 14,191.200.93.8,SES006526
EVT00000866,C0088,card_block,2024-04-28T11:30:47.000Z,Mobile,iOS App,175.214.228.191,SES000804
EVT00000867,C0647,login,2024-06-26T18:17:30.000Z,Desktop,Android App,235.236.207.205,SES005191
EVT00000868,C0792,card_block,2024-05-10T20:34:15.000Z,Mobile,iOS App,253.189.193.228,SES000219
EVT00000869,C0879,beneficiary_add,2024-02-20T13:52:39.000Z,Desktop,,58.113.214.75,SES000198
EVT00000870,C0502,transfer,2024-05-23T12:38:50.000Z,Mobile,iPhone 14,31.57.139.122,SES004588
EVT00000871,C0836,profile_update,2024-06-17T20:18:24.000Z,Mobile,Chrome Browser,212.151.209.72,SES002301
EVT00000872,C0224,login,2024-01-17T02:30:32.000Z,Desktop,iPhone 14,54.201.75.132,SES004203
EVT00000873,C0907,card_block,2024-06-18T19:48:07.000Z,Desktop,Android App,105.236.0.111,SES004336
EVT00000874,C0090,loan_apply,2024-02-17T05:13:43.000Z,Mobile,Android App,57.219.239.126,SES003619
EVT00000875,C0468,loan_apply,2024-01-20T16:47:11.000Z,Mobile,,32.4.202.190,SES000537
EVT00000876,C0556,profile_update,2024-04-20T23:29:07.000Z,Desktop,iPhone 14,45.33.154.117,SES006247
EVT00000877,C0931,profile_update,2024-04-08T10:20:43.000Z,Tablet,Samsung Galaxy S23,72.31.186.47,SES003400
EVT00000878,C0949,card_block,2024-01-20T20:23:52.000Z,Tablet,Android App,78.71.15.166,SES005684
EVT00000879,C0789,loan_apply,2024-03-02T21:38:36.000Z,,iOS App,131.240.96.132,SES004065
EVT00000880,C0605,transfer,2024-06-13T13:25:06.000Z,Mobile,Safari,197.19.174.232,SES007349
EVT00000881,C0376,card_block,2024-02-01T16:56:41.000Z,Mobile,Safari,126.35.211.140,SES006508
EVT00000882,C0488,loan_apply,2024-05-21T13:02:34.000Z,Tablet,iOS App,51.218.88.227,SES005728
EVT00000883,C0280,balance_check,2024-02-23T08:30:36.000Z,Tablet,Samsung Galaxy S23,94.176.52.11,SES002898
EVT00000884,C0179,balance_check,2024-04-27T22:17:22.000Z,Desktop,Safari,138.50.1.183,SES008701
EVT00000885,C0063,beneficiary_add,2024-05-02T13:43:57.000Z,Mobile,,49.252.165.132,SES005631
EVT00000886,C0953,balance_check,2024-05-20T04:51:20.000Z,Mobile,Safari,145.228.91.224,SES007929
EVT00000887,C0879,profile_update,2024-02-19T01:59:43.000Z,,Samsung Galaxy S23,191.230.198.178,SES004160
EVT00000888,C0917,balance_check,2024-01-14T13:48:49.000Z,Tablet,Chrome Browser,97.204.120.102,SES007285
EVT00000889,C0058,lgout,2024-04-24T10:54:19.000Z,Mobile,,70.247.158.184,SES002366
EVT00000890,C0114,login,2024-04-03T23:00:18.000Z,Desktop,Android App,232.247.66.25,SES003083
EVT00000891,C0939,404,2024-04-20T14:38:15.000Z,Mobile,Android App,158.212.122.47,SES000577
EVT00000892,C0674,"""""",2024-01-20T07:00:23.000Z,Desktop,Android App,233.32.157.96,SES008106
EVT00000893,C0444,balance_check,2024-01-27T23:09:06.000Z,,iOS App,252.95.241.214,SES009827
EVT00000894,C0610,balance_check,2024-06-20T21:07:06.000Z,Mobile,Chrome Browser,167.216.224.26,SES005820
EVT00000895,C0785,login,2024-06-25T22:53:30.000Z,Mobile,Chrome Browser,54.2.72.202,SES000336
EVT00000896,C0798,balance_check,2024-04-07T23:55:29.000Z,Desktop,iPhone 14,254.189.189.64,SES001018
EVT00000897,C0931,logout,2024-02-09T00:47:32.000Z,Desktop,Chrome Browser,36.62.10.65,SES007799
EVT00000898,C0393,loan_apply,2024-02-19T07:11:03.000Z,,Android App,240.51.239.75,SES005671
EVT00000899,C0929,balance_check,2024-05-26T11:52:21.000Z,Mobile,iOS App,164.169.38.247,SES001795
EVT00000900,C0996,bill_pay,2024-05-05T10:39:11.000Z,Tablet,Android App,66.142.144.119,SES004254
EVT00000901,C0236,transfer,2024-05-22T03:53:14.000Z,Desktop,Chrome Browser,128.91.154.187,SES000567
EVT00000902,C0997,xfer,2024-01-14T19:08:55.000Z,Desktop,iPhone 14,22.64.65.4,SES007360
EVT00000903,C0803,login,2024-04-12T09:06:57.000Z,Mobile,,166.180.237.199,SES005164
EVT00000904,C0826,profile_update,2024-04-18T05:41:21.000Z,Desktop,,244.171.24.234,SES004661
EVT00000905,C0023,profile_update,2024-06-08T08:19:37.000Z,Desktop,Android App,191.199.186.174,SES000132
EVT00000906,C0410,beneficiary_add,2024-02-19T06:05:18.000Z,Tablet,Android App,122.175.183.140,SES004850
EVT00000907,C0529,statement_download,2024-01-02T08:10:46.000Z,Desktop,iPhone 14,204.204.48.243,SES001003
EVT00000908,C0568,bill_pay,2024-03-28T11:55:19.000Z,Tablet,,34.43.30.247,SES006933
EVT00000909,C0537,logout,2024-03-05T11:15:08.000Z,Mobile,iPhone 14,79.41.77.64,SES003769
EVT00000910,C0981,balance_check,2024-03-18T22:23:02.000Z,Mobile,iOS App,109.250.173.135,SES007857
EVT00000911,C0694,profile_update,2024-05-14T03:25:24.000Z,Desktop,Android App,68.36.30.236,SES008708
EVT00000912,C0723,beneficiary_add,2024-04-06T03:15:28.000Z,Mobile,Samsung Galaxy S23,136.242.111.135,SES007797
EVT00000913,C0641,loan_apply,2024-02-14T05:00:14.000Z,Desktop,Samsung Galaxy S23,186.207.43.239,SES008916
EVT00000914,C0953,login,2024-06-13T23:18:37.000Z,Desktop,Android App,245.217.75.70,SES000566
EVT00000915,C0744,"""""",2024-03-19T01:02:46.000Z,Tablet,Android App,45.51.217.175,SES000980
EVT00000916,C0020,statement_download,2024-01-05T20:54:02.000Z,Tablet,Chrome Browser,2.113.170.92,SES008163
EVT00000917,C0670,profile_update,2024-02-12T03:58:29.000Z,Mobile,Safari,162.101.84.223,SES002052
EVT00000918,C0575,statement_download,2024-04-21T12:59:17.000Z,Tablet,Safari,18.166.179.70,SES001619
EVT00000919,C0413,bill_pay,2024-06-20T08:56:20.000Z,Tablet,Chrome Browser,67.215.255.165,SES000971
EVT00000920,C0170,logout,2024-02-04T15:53:46.000Z,Mobile,Safari,38.226.2.31,SES000615
EVT00000921,C0437,login,2024-02-28T02:23:59.000Z,Tablet,iOS App,48.16.23.126,SES004281
EVT00000922,C0020,bill_pay,2024-06-26T17:14:18.000Z,Desktop,,129.162.27.159,SES003689
EVT00000923,C0432,beneficiary_add,2024-04-12T07:16:47.000Z,Mobile,iPhone 14,233.43.97.179,SES002069
EVT00000924,C0754,beneficiary_add,2024-06-02T17:34:21.000Z,Mobile,Android App,236.82.158.128,SES008572
EVT00000925,C0874,card_block,2024-06-25T15:05:04.000Z,Mobile,Samsung Galaxy S23,250.26.34.76,SES008801
EVT00000926,C0586,loan_apply,2024-06-16T15:10:05.000Z,Desktop,Samsung Galaxy S23,246.222.159.130,SES002589
EVT00000927,C0854,statement_download,2024-05-11T01:03:31.000Z,Mobile,Samsung Galaxy S23,150.60.187.191,SES004839
EVT00000928,C0864,balance_check,2024-05-16T11:52:33.000Z,,iPhone 14,191.212.196.104,SES005498
EVT00000929,C0539,beneficiary_add,2024-02-18T17:42:53.000Z,,,29.39.178.253,SES001026
EVT00000930,C0247,logout,2024-02-09T04:50:41.000Z,Tablet,iPhone 14,172.167.242.19,SES002973
EVT00000931,C0146,card_block,2024-02-17T10:40:54.000Z,Tablet,iOS App,90.55.73.206,SES002262
EVT00000932,C0408,login,2024-02-12T10:50:05.000Z,Mobile,iPhone 14,147.16.87.41,SES001053
EVT00000933,C0823,profile_update,2024-04-01T17:09:24.000Z,Mobile,,150.250.122.232,SES006698
EVT00000934,C0169,404,2024-04-07T11:16:45.000Z,Tablet,,187.166.241.42,SES001124
EVT00000935,C0996,statement_download,2024-02-03T19:35:23.000Z,Tablet,iPhone 14,46.111.158.76,SES009640
EVT00000936,C0713,LOGN,2024-05-10T12:29:22.000Z,Mobile,Chrome Browser,103.164.180.145,SES009024
EVT00000937,C0287,beneficiary_add,2024-04-11T03:30:15.000Z,Desktop,iPhone 14,236.1.140.1,SES008119
EVT00000938,C0536,"""""",2024-05-01T22:09:49.000Z,Mobile,Samsung Galaxy S23,87.35.41.203,SES000530
EVT00000939,C0155,transfer,2024-05-14T01:24:37.000Z,Desktop,iOS App,247.127.204.52,SES004025
EVT00000940,C0455,logout,2024-03-18T13:17:43.000Z,Desktop,iOS App,225.233.224.60,SES008986
EVT00000941,C0543,statement_download,2024-03-03T20:26:28.000Z,,iPhone 14,43.252.31.156,SES009704
EVT00000942,C0932,loan_apply,2024-05-08T07:55:26.000Z,Mobile,Samsung Galaxy S23,72.187.90.174,SES008433
EVT00000943,C0934,beneficiary_add,2024-03-27T22:31:48.000Z,,iOS App,198.159.15.49,SES007378
EVT00000944,C1000,logout,2024-04-02T18:30:50.000Z,Desktop,iPhone 14,10.66.174.152,SES003206
EVT00000945,C0868,card_block,2024-03-05T14:34:01.000Z,Tablet,Samsung Galaxy S23,61.46.118.228,SES004967
EVT00000946,C0108,statement_download,2024-03-15T23:13:22.000Z,Desktop,iPhone 14,140.40.130.218,SES008606
EVT00000947,C0117,card_block,2024-03-01T23:51:44.000Z,Tablet,Samsung Galaxy S23,74.98.43.97,SES005065
EVT00000948,C0118,logout,2024-05-15T17:10:26.000Z,Mobile,,204.254.232.145,SES002347
EVT00000949,C0786,lgout,2024-04-18T19:55:38.000Z,Tablet,Chrome Browser,18.46.207.251,SES000161
EVT00000950,C0488,statement_download,2024-01-24T03:35:12.000Z,Tablet,Chrome Browser,37.235.35.37,SES004740
EVT00000951,C0556,card_block,2024-03-23T07:48:53.000Z,Tablet,Android App,63.29.66.28,SES003440
EVT00000952,C0205,bill_pay,2024-05-26T19:42:41.000Z,Mobile,Safari,96.85.130.133,SES000403
EVT00000953,C0922,beneficiary_add,2024-06-23T16:04:18.000Z,Tablet,Safari,227.149.18.221,SES007483
EVT00000954,C0334,balance_check,2024-06-17T01:50:16.000Z,Desktop,Safari,213.252.136.252,SES009217
EVT00000955,C0208,statement_download,2024-04-01T04:33:31.000Z,,iPhone 14,238.237.26.231,SES004610
EVT00000956,C0449,card_block,2024-03-03T04:07:41.000Z,Tablet,Chrome Browser,44.218.158.78,SES002029
EVT00000957,C0511,statement_download,2024-03-18T21:54:13.000Z,,Samsung Galaxy S23,148.84.60.179,SES003880
EVT00000958,C0857,statement_download,2024-02-01T08:56:46.000Z,Tablet,Android App,154.151.53.9,SES007123
EVT00000959,C0061,balance_check,2024-02-22T13:33:13.000Z,,,173.190.144.232,SES004601
EVT00000960,C0485,loan_apply,2024-06-18T22:19:48.000Z,Tablet,,229.151.180.46,SES002040
EVT00000961,C0113,profile_update,2024-04-19T11:02:53.000Z,Tablet,Chrome Browser,87.16.146.158,SES001076
EVT00000962,C0050,login,2024-06-03T08:49:48.000Z,Desktop,Chrome Browser,1.103.186.131,SES000753
EVT00000963,C0088,login,2024-03-02T01:46:25.000Z,Desktop,Android App,26.202.121.123,SES007072
EVT00000964,C0491,statement_download,2024-06-04T10:07:32.000Z,Tablet,Chrome Browser,238.147.44.102,SES005197
EVT00000965,C0731,card_block,2024-04-19T20:22:11.000Z,Desktop,,15.190.99.235,SES006840
EVT00000966,C0083,logout,2024-06-11T09:46:23.000Z,Desktop,iOS App,31.154.143.95,SES009293
EVT00000967,C0033,unknown,2024-05-25T18:01:41.000Z,,iPhone 14,51.58.145.187,SES008632
EVT00000968,C0168,login,2024-05-04T04:07:14.000Z,Desktop,iOS App,150.130.211.243,SES006250
EVT00000969,C0870,logout,2024-04-12T21:31:39.000Z,Tablet,iPhone 14,19.129.205.149,SES007790
EVT00000970,C0363,login,2024-01-20T12:01:24.000Z,Mobile,,146.117.60.77,SES002954
EVT00000971,C0008,beneficiary_add,2024-01-05T06:04:49.000Z,Tablet,Chrome Browser,34.103.218.49,SES000225
EVT00000972,C0636,profile_update,2024-03-04T11:57:24.000Z,Tablet,iPhone 14,62.115.190.196,SES009343
EVT00000973,C0814,logout,2024-06-24T18:16:45.000Z,Tablet,Safari,245.57.218.162,SES008416
EVT00000974,C0675,profile_update,2024-01-04T11:15:23.000Z,Desktop,Android App,231.248.156.124,SES008893
EVT00000975,C0748,logout,2024-04-13T17:05:26.000Z,Tablet,,20.223.98.71,SES004651
EVT00000976,C0207,statement_download,2024-01-08T11:55:40.000Z,Tablet,Android App,57.150.23.149,SES001581
EVT00000977,C0814,statement_download,2024-03-11T04:52:36.000Z,Desktop,Safari,112.78.91.142,SES004691
EVT00000978,C0452,beneficiary_add,2024-05-21T23:39:03.000Z,Desktop,Safari,136.99.130.169,SES001677
EVT00000979,C0138,loan_apply,2024-03-22T18:04:24.000Z,Tablet,iOS App,216.177.211.53,SES000921
EVT00000980,C0768,404,2024-01-14T00:27:35.000Z,Tablet,iPhone 14,129.90.74.115,SES001929
EVT00000981,C0913,logout,2024-04-06T07:55:11.000Z,Desktop,iPhone 14,111.20.142.92,SES000933
EVT00000982,C0443,transfer,2024-06-04T11:08:58.000Z,Desktop,iOS App,47.74.224.7,SES008319
EVT00000983,C0774,unknown,2024-02-19T20:55:04.000Z,,iPhone 14,132.153.141.195,SES003823
EVT00000984,C0087,beneficiary_add,2024-01-25T10:33:46.000Z,Tablet,Safari,102.8.246.33,SES008470
EVT00000985,C0165,bill_pay,2024-02-09T16:57:56.000Z,Desktop,Chrome Browser,3.25.32.93,SES004389
EVT00000986,C0394,statement_download,2024-04-21T15:22:43.000Z,Tablet,iOS App,166.228.23.214,SES006582
EVT00000987,C0048,loan_apply,2024-04-18T01:48:44.000Z,Mobile,,157.149.49.229,SES002442
EVT00000988,C0062,statement_download,2024-06-14T18:41:15.000Z,Desktop,Safari,46.87.53.31,SES004194
EVT00000989,C0618,statement_download,2024-01-26T06:03:46.000Z,Mobile,,31.253.113.239,SES000683
EVT00000990,C0791,login,2024-02-22T14:26:24.000Z,Mobile,Safari,176.19.113.88,SES002976
EVT00000991,C0599,beneficiary_add,2024-03-11T04:04:37.000Z,Mobile,Android App,35.224.100.184,SES000612
EVT00000992,C0842,loan_apply,2024-05-10T09:59:21.000Z,Mobile,,208.181.27.79,SES008920
EVT00000993,C0534,card_block,2024-03-03T08:10:21.000Z,Desktop,Chrome Browser,233.245.16.5,SES008066
EVT00000994,C0907,logout,2024-04-26T07:49:29.000Z,Desktop,,52.184.239.80,SES007326
EVT00000995,C0681,logout,2024-01-03T17:42:34.000Z,Tablet,Android App,227.217.134.107,SES001087
EVT00000996,C0486,card_block,2024-05-12T12:01:00.000Z,Tablet,,26.61.44.178,SES008835
EVT00000997,C0802,card_block,2024-06-18T15:31:12.000Z,Tablet,Samsung Galaxy S23,254.146.64.80,SES002459
EVT00000998,C0820,beneficiary_add,2024-01-18T21:24:10.000Z,Tablet,Chrome Browser,170.135.226.224,SES003889
EVT00000999,C0839,logout,2024-02-06T07:02:50.000Z,Mobile,Android App,246.145.0.154,SES007412
EVT00001000,C0120,card_block,2024-02-28T22:29:27.000Z,Desktop,iPhone 14,56.196.223.185,SES005214
