loan_id,customer_id,loan_type,sanction_amount,outstanding,interest_rate,tenure,npa_flag,disbursement_date
LN000001,C0007,Home,2866313.1,2154122.13,8.7,174,Yes,2022-04-19
LN000002,C0156,Personal,533493.17,391610.82,15.36,15,0,2019-12-25
LN000003,C0377,Personal,295316.94,68128.21,13.74,54,FALSE,2020-05-25
LN000004,C0243,Education,514975.74,522559.93,8.7,14,FALSE,05-02-2021
LN000005,C0105,Education,617080.87,171777.13,9.94,44,No,2021/12/04
LN000006,C0339,Home,8385427.82,3829198.97,7.76,239,FALSE,2020/10/27
LN000007,C0503,Auto,559144.86,409570.95,11.66,68,FALSE,28-09-2019
LN000008,C0520,Auto,1230638.25,41101.23,8.59,49,false,2019-03-08
LN000009,C0662,Home,6780118.61,8146355.94,8.27,190,0,2019-07-01
LN000010,C0866,Education,1370759.29,1389041.67,,58,No,07-05-2022
LN000011,C0877,Home,9965013.3,6245403.36,9.74,128,TRUE,2022/08/12
LN000012,C0393,Personal,119104.22,86314.78,10.09,37,N,01-04-2022
LN000013,C0150,Personal,537801.28,145924.36,12.47,14,Y,2019/09/09
LN000014,C0314,Home,4262663.5,4402712.29,8.55,233,N,2022-11-13
LN000015,C0177,Personal,299244.56,32504.09,15.01,16,false,2023-02-16
LN000016,C0984,Personal,461118.16,285383.05,,57,0,2023-11-19
LN000017,C0535,Education,723977.58,273022.68,11.86,50,No,2023/10/17
LN000018,C0753,Auto,1441767.56,1802571.99,10.08,52,FALSE,2020-09-07
LN000019,C0980,Home,9800718,5479568.01,,124,Y,2020/01/28
LN000020,C0990,Personal,282032.98,11963.76,12.69,46,FALSE,2023/11/08
LN000021,C0220,Auto,1426721.93,590274.83,10.87,41,Yes,2019-10-05
LN000022,C0471,Education,1139653.48,687042.66,10.07,46,No,2023-10-01
LN000023,C0363,Personal,269738.02,224148.97,13.75,12,No,2019-02-07
LN000024,C0698,Education,1990706.42,1180327.78,8.73,13,1,2022/11/23
LN000025,C0645,Education,1869594.33,982644.23,8.96,55,false,2023-04-07
LN000026,C0620,Personal,187234.21,62507.08,,23,N,2023-12-13
LN000027,C0134,Auto,900339.61,797435.04,,75,1,2023-04-22
LN000028,C0107,Education,381251.32,242096.96,11.95,18,N,2023-09-25
LN000029,C0444,Education,1610002.09,1840770.7,9.23,49,FALSE,2023/08/23
LN000030,C0185,Personal,405217.21,495543,14.93,33,FALSE,2021/11/26
LN000031,C0792,Personal,390706.95,229747.22,10.24,51,FALSE,2022/03/21
LN000032,C0728,Personal,270206.09,236502.07,13.82,33,No,26-02-2019
LN000033,C0211,Education,714339.62,391982.21,8.28,35,0,2020/02/20
LN000034,C0018,Education,1774721.6,867851.18,11.75,54,FALSE,2020-02-13
LN000035,C0585,Home,5503665.71,4229586.98,,223,N,2022/08/15
LN000036,C0911,Auto,1442334.79,1860741.88,8.78,45,FALSE,2020/06/02
LN000037,C0931,Personal,209097.42,139635.08,11.33,58,FALSE,09-12-2019
LN000038,C0591,Education,1898888.42,1134406.85,9.71,38,0,2023/11/07
LN000039,C0195,Education,192567.93,77205.54,8.81,28,false,2023-03-17
LN000040,C0595,Personal,255286.92,172754.69,10.28,16,0,15-12-2020
LN000041,C0096,Education,808287.06,105589.94,10.82,58,No,19-06-2020
LN000042,C0458,Home,6030429.34,2231761.6,7.05,154,Y,01-12-2022
LN000043,C0024,Home,2490839.3,3182209.57,7.21,202,FALSE,2020/09/11
LN000044,C0568,Personal,492679.42,96528.15,11.95,22,FALSE,2021/07/24
LN000045,C0141,Education,1764995.74,212860.57,8.91,40,TRUE,2021-11-27
LN000046,C0048,Auto,849952.53,383492.73,9.9,82,false,2021-01-14
LN000047,C0696,Auto,1098915.91,414300.16,10.06,72,No,2022/03/20
LN000048,C0020,Home,7637550.17,803447.18,8.84,236,0,12-08-2022
LN000049,C0429,Personal,375394.76,146024.33,14.1,50,FALSE,2019-08-08
LN000050,C0213,Personal,366743.99,54774.97,,25,No,2022-09-13
LN000051,C0844,Education,1357397.9,1119086.57,8.61,53,No,10-03-2020
LN000052,C0137,Auto,760125.85,360624.08,11.88,54,No,2023/08/08
LN000053,C0014,Home,9700216.99,11223601.29,9.97,122,N,2019/07/23
LN000054,C0053,Home,4824421.85,1829994.19,7.27,146,No,2021/01/23
LN000055,C0521,Home,7999518.09,5710537.93,8.1,221,false,17-11-2022
LN000056,C0653,Auto,1575942.93,1177975.14,10.97,66,FALSE,2021-09-08
LN000057,C0566,Home,3210553.96,3652715.17,8.75,226,FALSE,24-07-2023
LN000058,C0948,Home,2018605.45,2486387.76,8.96,220,0,2022/12/21
LN000059,C0987,Personal,225570.81,130220.56,14.35,18,Y,2023-05-22
LN000060,C0871,Personal,84725.99,31621.03,15.22,40,No,2023-03-23
LN000061,C0181,Auto,1786083.05,122152.67,,54,1,23-08-2023
LN000062,C0917,Auto,875340.68,541838.16,10.8,72,Y,2022/05/26
LN000063,C0244,Education,2031515.34,247752.58,11.49,42,0,2021-01-01
LN000064,C0058,Personal,179273.46,11245.46,,46,N,13-11-2023
LN000065,C0181,Auto,1121760.03,569135.13,11.24,75,N,2023-10-07
LN000066,C0193,Education,1384312.28,1167384.9,11.58,50,N,2022-02-09
LN000067,C0066,Home,5389193.49,4478313.96,8.43,195,N,2021-09-09
LN000068,C0093,Personal,183295.58,18246.79,13.15,25,false,2021/06/08
LN000069,C0074,Auto,1212685.81,394708.11,9.72,51,0,2019/09/22
LN000070,C0199,Auto,1712837.7,1459376.79,,82,0,2021/01/28
LN000071,C0561,Personal,147513.29,69854.49,14.73,43,0,2023/01/02
LN000072,C0494,Home,9412503.19,2916735.4,7.35,188,N,2021-07-28
LN000073,C0351,Personal,376927.23,237196.04,15.38,12,No,10-12-2023
LN000074,C0068,Home,2999984.65,1091583.36,9.58,195,No,2019-06-17
LN000075,C0733,Auto,453304.91,329642.85,10.39,58,0,15-07-2019
LN000076,C0184,Personal,479080.13,94301.08,14.55,28,No,2019/08/16
LN000077,C0122,Personal,473108.84,266687.29,12.42,24,FALSE,2021/01/26
LN000078,C0097,Education,1578420.46,1799069.78,,38,No,05-02-2021
LN000079,C0823,Home,4816038.37,5188298.21,9.4,204,FALSE,2023-11-04
LN000080,C0871,Education,1208705.51,1047245.11,10.76,50,N,2020-12-01
LN000081,C0508,Personal,144283.57,15484.63,,35,No,26-10-2022
LN000082,C0184,Personal,226578.29,253615.37,10.41,54,Y,06-01-2022
LN000083,C0356,Auto,1020417.38,517866.13,,68,false,2021/10/20
LN000084,C0589,Home,2487966.66,1267019.67,8.8,181,0,2020/03/04
LN000085,C0545,Auto,1349525.83,559937.43,8.68,37,FALSE,2020-07-11
LN000086,C0430,Auto,789931.43,139343.84,8.52,50,0,2021/02/19
LN000087,C0619,Auto,312191.78,29712.77,9.79,45,Y,2019-10-06
LN000088,C0731,Education,1699266.66,126685.08,10.24,57,false,14-05-2020
LN000089,C0184,Personal,217572.1,108756.87,,59,N,2020/02/11
LN000090,C0889,Home,5265686.57,2926010.71,,196,TRUE,2021-10-08
LN000091,C0536,Personal,341932.05,386557.4,12.88,58,0,2020/09/17
LN000092,C0714,Personal,240396.49,283029.55,15.6,43,0,2021/06/11
LN000093,C0542,Auto,326828.67,291442.07,8.98,36,Yes,04-06-2019
LN000094,C0665,Home,5103289.39,3922754.24,7.78,212,No,11-04-2019
LN000095,C0382,Home,8978277.99,330505.51,7.01,156,false,2023-01-02
LN000096,C0117,Auto,1132430.59,924226.03,9.02,62,No,2021/07/24
LN000097,C0226,Auto,1059980.14,84975.67,10.06,74,0,06-08-2020
LN000098,C0162,Auto,1667635.02,1330429,11.62,75,0,2023/01/25
LN000099,C0061,Home,2650400.07,880747.8,7.6,190,0,08-07-2020
LN000100,C0671,Personal,531028.45,211985.71,12.56,58,false,2022-11-26
LN000101,C0325,Personal,304649.45,215005.33,14.58,55,No,2021-10-15
LN000102,C0977,Auto,460135.25,544954.66,11.04,55,0,2019/11/28
LN000103,C0530,Education,351476.94,192901.72,9.23,38,Y,08-11-2021
LN000104,C0401,Auto,894360.78,307534.18,10.05,39,Yes,2019-04-19
LN000105,C0296,Personal,387300.38,402107.82,,14,0,2019/03/07
LN000106,C0875,Education,1420838.95,789277.46,10.01,13,true,05-11-2019
LN000107,C0229,Education,1608785.05,1263603.47,9.25,47,false,2022-11-04
LN000108,C0893,Auto,320096.42,68125.79,11.7,37,N,2021-09-24
LN000109,C0226,Personal,501488.95,226930.8,13.69,56,No,2023/05/02
LN000110,C0296,Personal,187482.55,222001.15,13.02,56,false,2020/12/05
LN000111,C0259,Auto,1357212.69,168770.45,8.3,80,Yes,24-08-2020
LN000112,C0131,Personal,149700.08,153475.83,12.19,44,1,15-01-2020
LN000113,C0933,Personal,365430.6,107681.97,14.12,36,No,2021/06/09
LN000114,C0166,Home,4841979.6,1157692.34,7.3,204,FALSE,15-06-2020
LN000115,C0418,Auto,1588920.23,275418.87,10.31,81,No,2021-04-11
LN000116,C0342,Home,3677186.97,373092.89,8.96,181,N,2020-11-23
LN000117,C0387,Personal,53466.46,59292.37,12.14,25,false,09-03-2023
LN000118,C0083,Auto,322668.44,229318,11.92,68,0,2021-06-14
LN000119,C0935,Personal,335327.3,102652.99,13.8,13,false,2022-04-03
LN000120,C0264,Home,7737537.51,4287745.79,,221,false,05-01-2022
LN000121,C0760,Personal,235415.22,155486.58,12.97,52,No,27-02-2023
LN000122,C0921,Home,6084901.6,4053694.05,7.58,203,false,2021-07-07
LN000123,C0366,Education,106038.7,72399.85,11.89,27,FALSE,21-09-2022
LN000124,C0841,Personal,438241.62,207880.02,13.3,47,N,2022-01-09
LN000125,C0548,Personal,103683.45,39152.8,15.82,40,No,08-01-2022
LN000126,C0664,Education,249673.65,29765.29,8.68,23,0,22-02-2022
LN000127,C0527,Auto,1349550,1107452.38,10.78,46,0,2022-07-06
LN000128,C0422,Home,6575227.97,473830.53,8.63,233,No,17-04-2023
LN000129,C0896,Personal,123600.05,44554.24,15.02,18,0,27-11-2021
LN000130,C0280,Personal,136203.63,78946.42,15.06,20,No,2021-02-28
LN000131,C0056,Education,642105.67,348697.72,,54,false,2022/07/19
LN000132,C0461,Auto,642324.8,526488.35,10.71,82,false,2023-06-06
LN000133,C0362,Auto,1532562.59,284561.75,9.32,75,false,26-09-2023
LN000134,C0994,Auto,486649.91,116711,11.59,54,N,2023/06/20
LN000135,C0588,Personal,119449.08,81813.54,15.16,46,FALSE,2019-11-13
LN000136,C0491,Auto,1705943.83,260107.73,11.74,63,N,03-04-2021
LN000137,C0888,Personal,204859.7,247407.12,12.25,24,FALSE,2021-01-13
LN000138,C0104,Education,263131.21,316365.43,11.23,52,true,07-03-2019
LN000139,C0784,Personal,132166.47,99916.41,15.47,39,false,22-12-2020
LN000140,C0563,Home,8604275.21,7534703.82,8.18,199,No,2023/03/15
LN000141,C0596,Auto,1066455.46,591732.74,,55,1,10-03-2023
LN000142,C0099,Personal,150819.96,35395,11.21,46,FALSE,07-10-2019
LN000143,C0073,Education,881056.32,214393.51,10.45,14,0,2020/12/04
LN000144,C0481,Education,108272.73,46459.3,10.61,20,N,2020-10-14
LN000145,C0641,Home,7029055.29,1154183.58,7.84,202,0,21-06-2019
LN000146,C0643,Auto,1209095.26,797077.53,9.08,69,No,17-04-2019
LN000147,C0842,Auto,1533657.78,143101.48,11.96,79,false,2022/03/03
LN000148,C0239,Auto,1306158.24,673317.81,8.38,58,FALSE,2019-04-13
LN000149,C0455,Personal,408076.44,317247.22,,22,No,27-10-2020
LN000150,C0014,Home,2197610.7,860898.82,9.36,200,No,2021-05-10
LN000151,C0505,Auto,1095542.69,304217.05,11.04,79,N,2019-03-01
LN000152,C0761,Education,1953570.35,864570.21,10.71,52,0,2021/11/06
LN000153,C0197,Education,1092271.73,18654.26,10.65,38,N,25-09-2019
LN000154,C0045,Education,1745451.78,1543798.8,11.11,43,No,2019-03-23
LN000155,C0800,Personal,149039.4,27799.9,11.13,17,false,12-02-2021
LN000156,C0140,Home,7084513.96,481380.01,8.11,204,No,2019-06-04
LN000157,C0340,Auto,628055.88,378197.1,,52,FALSE,2022-10-02
LN000158,C0045,Personal,517914.64,14817.1,12.63,13,TRUE,2021/10/22
LN000159,C0882,Education,316180.04,221240.82,8.59,58,FALSE,26-09-2020
LN000160,C0969,Education,1299582.33,679119.86,10.47,29,No,21-01-2019
LN000161,C0652,Home,8093387.16,2826612.49,7.66,208,0,23-09-2020
LN000162,C0418,Personal,127132.61,86846.04,14.92,40,FALSE,2022/11/28
LN000163,C0243,Personal,122271.98,59985.14,10.52,22,0,2020/10/01
LN000164,C0563,Education,840664.75,742668.12,,46,No,2022/11/22
LN000165,C0189,Personal,456984.81,58719.97,,48,N,2022/11/28
LN000166,C0456,Education,590320.46,732.33,8.78,23,Y,23-10-2023
LN000167,C0542,Personal,391590.69,168504.25,10.16,12,1,2020-01-15
LN000168,C0443,Personal,192160.35,151091.99,13.61,46,N,2020/12/19
LN000169,C0632,Personal,449030.74,49664.48,10.66,27,false,06-11-2021
LN000170,C0928,Education,698877.16,319363.67,9.54,38,FALSE,2022-05-10
LN000171,C0440,Education,638759.15,641316.11,10.61,39,false,07-01-2023
LN000172,C0458,Auto,483931.33,235134.12,,65,No,2020/09/22
LN000173,C0897,Home,8081383.64,506363.49,9.85,163,0,2019/08/27
LN000174,C0263,Home,5215142.23,1283983.72,8.46,133,0,10-09-2020
LN000175,C0416,Education,750198.78,327482.28,8.31,21,true,2020-02-13
LN000176,C0141,Personal,411301.69,65971.98,13.69,13,No,2019-09-25
LN000177,C0178,Home,7991574.89,1797106.66,9.78,224,N,2021/03/06
LN000178,C0698,Auto,938395.25,421255.69,11.92,69,No,2019/11/26
LN000179,C0827,Education,960181.42,316600.2,,41,No,2019-04-11
LN000180,C0293,Auto,1601636.31,1651914.83,9.27,45,Yes,2023/09/10
LN000181,C0744,Auto,424915.16,142629.46,,72,No,2021/11/09
LN000182,C0772,Personal,177219.71,80267.04,12.84,17,0,26-07-2022
LN000183,C0137,Auto,1447556.44,460738.97,9.18,39,No,2023/01/06
LN000184,C0539,Auto,938992,606647.29,8.98,81,FALSE,2019-11-07
LN000185,C0205,Auto,337758.31,426762.81,9.74,43,0,18-12-2023
LN000186,C0574,Personal,196322.73,157972.48,14.69,20,0,03-11-2019
LN000187,C0735,Auto,342808.44,415590.46,9.31,70,FALSE,2020-08-13
LN000188,C0682,Home,8556757.02,3085797.68,8.72,199,N,10-11-2023
LN000189,C0666,Auto,486275.84,608721.7,10.91,82,N,10-01-2023
LN000190,C0704,Education,1197022.28,727466.06,10.17,48,TRUE,16-08-2020
LN000191,C0569,Home,7991840.31,5508576.34,9.91,133,FALSE,2021/12/21
LN000192,C0492,Personal,356681.22,11349.05,15.52,53,N,22-01-2020
LN000193,C0228,Personal,501911.27,126612.74,14.15,46,No,2022/04/26
LN000194,C0012,Personal,201759.31,136795.34,15.75,17,FALSE,15-01-2020
LN000195,C0007,Auto,646947.08,300803.43,8.68,74,0,2021-09-15
LN000196,C0166,Auto,445813.73,563139.42,8.45,50,0,2019-03-21
LN000197,C0624,Auto,1000733.36,124670,10.87,61,false,2022-07-06
LN000198,C0857,Auto,1516987.15,440738.94,11.57,72,Y,2020/05/16
LN000199,C0562,Education,1255356.19,630949.87,8.39,56,0,2023/07/28
LN000200,C0979,Education,1515161.42,281104.21,9.93,27,false,22-09-2020
LN000201,C0990,Personal,104186.23,84108.24,13.43,29,N,2021-02-02
LN000202,C0418,Home,2431271.33,497744.35,7.21,225,No,04-03-2022
LN000203,C0512,Education,144728.25,93031.95,11.45,20,false,2022/07/15
LN000204,C0840,Auto,336575.47,19782.23,10.7,49,No,11-06-2020
LN000205,C0049,Personal,135278.68,73714.98,13.46,14,TRUE,2020-02-27
LN000206,C0951,Auto,1351153.73,915381.27,10.2,80,false,2021-11-03
LN000207,C0767,Education,737304.01,173385.07,9.86,47,0,2023-09-04
LN000208,C0812,Auto,1627177.69,1842336.35,9.04,83,No,2020-04-28
LN000209,C0353,Home,5947170.62,2443910.43,9.9,185,false,2022-08-20
LN000210,C0789,Education,1828298.97,607958.34,10.87,20,true,2022/10/04
LN000211,C0046,Education,1053803.41,908312.53,9.16,58,false,2022-03-23
LN000212,C0201,Personal,230134.26,7300.24,12.46,51,false,2023-09-22
LN000213,C0887,Education,214748.25,92753.69,9.08,31,0,08-10-2019
LN000214,C0883,Education,851562.6,590283.12,8.66,43,No,2019-01-15
LN000215,C0638,Personal,187020.64,84111.91,11.85,13,N,2019/04/26
LN000216,C0014,Education,1029274.81,378897.15,11.31,41,N,2022/10/24
LN000217,C0325,Auto,863586.25,18188.42,,74,false,2022-08-21
LN000218,C0362,Home,5456287.8,6963466.21,7.24,212,0,2020/07/02
LN000219,C0720,Auto,608703.81,98863.79,8.25,73,FALSE,2021-10-20
LN000220,C0473,Education,286278.32,139257.33,10.22,18,false,15-11-2020
LN000221,C0005,Personal,202493.88,121375.14,11.91,50,N,25-01-2020
LN000222,C0347,Auto,1591566.77,588212.23,,72,No,2023-03-21
LN000223,C0748,Education,1936946.74,1163433.43,11.28,31,FALSE,02-06-2020
LN000224,C0418,Home,3504151.61,2429460.75,9.42,195,N,2020-02-26
LN000225,C0325,Home,4421667.64,5698046.6,8.24,235,FALSE,20-09-2021
LN000226,C0695,Auto,1773454.41,278587.39,10.45,83,N,2021/06/22
LN000227,C0231,Education,1266270.92,267672.78,9.48,36,FALSE,2020/10/17
LN000228,C0588,Personal,478506.97,134505.58,11.78,27,FALSE,2023-06-06
LN000229,C0539,Personal,107790.33,56731.25,13.53,56,No,2023-03-03
LN000230,C0257,Home,3294211.4,457638.75,9.57,202,FALSE,04-07-2021
LN000231,C0219,Home,2885145.68,2097561.86,8.66,227,No,2022-02-27
LN000232,C0451,Auto,409115.28,452872.79,11.02,73,No,2022-02-16
LN000233,C0685,Home,6905927.25,1320841.51,8.19,160,FALSE,28-12-2022
LN000234,C0950,Personal,324800.45,387412.73,13.23,28,0,2019/11/04
LN000235,C0389,Auto,768735.56,209807.79,11.22,67,TRUE,03-08-2023
LN000236,C0645,Education,1662251.05,641044.13,8.81,22,false,2020/10/15
LN000237,C0175,Education,1983332.23,1666651.06,,59,TRUE,2023-09-17
LN000238,C0647,Home,5164576.58,4513855.82,8.15,157,N,2020/02/16
LN000239,C0545,Auto,1355411.92,1218677.22,,58,false,2022-01-27
LN000240,C0277,Auto,1032338.49,484985.72,8.77,48,No,2020-02-27
LN000241,C0540,Education,1304826.57,1163881.05,10.52,23,false,20-06-2022
LN000242,C0992,Home,2130473.54,415995.64,8.85,238,false,21-06-2021
LN000243,C0866,Education,1355013.45,1167119.89,8.04,40,FALSE,05-06-2022
LN000244,C0070,Home,8528011.58,6879950.32,8.44,154,false,2020/12/20
LN000245,C0609,Education,1748190.43,1426267.48,9.87,58,0,11-08-2022
LN000246,C0100,Personal,533277.93,79525.05,13.45,22,FALSE,2021-02-05
LN000247,C0425,Personal,295689.55,148432.06,13.81,46,FALSE,2022/09/11
LN000248,C0126,Education,810026.95,417395.47,,14,FALSE,2023-06-02
LN000249,C0941,Auto,679809.61,128620.42,8.3,57,false,2022-05-27
LN000250,C0491,Personal,341844.61,46520.92,15.04,30,N,15-07-2021
LN000251,C0516,Home,5422536.81,2575327.81,,169,N,27-06-2019
LN000252,C0718,Home,2600586.12,248088.57,7.33,135,0,2021/02/23
LN000253,C0386,Personal,252421.06,31536.05,10.4,17,0,2021/01/01
LN000254,C0066,Home,7072712.83,2322902.28,9.05,138,N,2022-02-01
LN000255,C0436,Auto,1534948.62,257192.31,10.65,71,0,05-01-2021
LN000256,C0938,Home,2176082.62,1041457.29,9.82,219,false,2019/04/21
LN000257,C0055,Auto,559601.14,587215.64,9.82,76,N,2019/03/04
LN000258,C0906,Personal,245148.07,96554.52,14.6,50,N,2019-09-15
LN000259,C0091,Auto,953392.44,547731.88,9.82,71,N,2023/08/18
LN000260,C0019,Home,8735254.34,7179599.83,9.36,140,0,2023-08-28
LN000261,C0250,Education,429081.56,203052.75,10.22,53,false,2022-09-18
LN000262,C0284,Home,3838339.62,3297946.73,9.87,187,FALSE,2021-09-03
LN000263,C0373,Home,5720671.17,2181117.41,7.17,217,0,2021-10-19
LN000264,C0483,Personal,332799.74,378242.47,14.33,57,true,03-05-2023
LN000265,C0831,Education,1489079.14,54399.8,,26,FALSE,06-08-2021
LN000266,C0138,Auto,891475.97,528694.51,11.54,53,N,2020-11-20
LN000267,C0380,Personal,93800.45,102628.85,,56,TRUE,25-04-2023
LN000268,C0669,Home,4425188.48,5185305.69,9.96,154,0,11-08-2019
LN000269,C0537,Home,9429271.76,4900655.75,7.84,184,false,10-07-2020
LN000270,C0483,Education,748538.62,624572.33,10.73,23,No,20-05-2021
LN000271,C0376,Auto,1103364.29,605400.6,11.93,53,No,2023/08/01
LN000272,C0442,Personal,338533.31,86230.08,11.7,54,N,21-09-2023
LN000273,C0682,Home,7981668.17,4951438.49,9.18,201,false,2023/04/13
LN000274,C0294,Home,2963465.97,1484221.01,7.5,153,0,2020/10/23
LN000275,C0171,Auto,438834.29,32473.72,8.16,67,N,2020/10/10
LN000276,C0264,Home,9180118.1,1444206.68,,180,No,2019/06/08
LN000277,C0450,Education,1061624.31,70160.78,10.85,33,FALSE,2022/03/23
LN000278,C0587,Home,9665224.85,4149608.23,9.72,171,true,09-03-2020
LN000279,C0373,Auto,1192123.97,1359435.11,8.16,45,FALSE,14-10-2019
LN000280,C0071,Auto,918127.23,444032.96,10.34,72,0,2019/06/18
LN000281,C0146,Auto,501070.82,188297.96,11.42,57,N,2020-02-21
LN000282,C0800,Auto,701525.34,227460.53,10.59,38,0,2021/10/17
LN000283,C0011,Home,8785922.92,1936129.88,8.5,144,No,2023-11-14
LN000284,C0842,Auto,856379.27,31770.41,11.73,72,true,2020-10-09
LN000285,C0690,Home,9064558.53,3199683.12,9.88,225,0,08-06-2019
LN000286,C0703,Auto,359445.45,408605.96,,70,1,2019/06/24
LN000287,C0855,Auto,442748.38,296689.36,11.59,38,false,2021-08-19
LN000288,C0291,Home,2681260.89,83342.96,8.52,168,TRUE,01-10-2020
LN000289,C0329,Home,5536692.56,7155248.29,7.65,189,No,2023-06-23
LN000290,C0776,Auto,1034963.01,19762.78,11.86,65,0,2020/04/12
LN000291,C0616,Education,1474031.02,640594.66,8.19,34,No,2020-05-18
LN000292,C0371,Home,5930800.13,3779443.36,,187,0,2022/05/27
LN000293,C0662,Auto,1277056.4,391962.77,,70,0,2019/12/06
LN000294,C0645,Education,281288.36,22052.6,11.32,44,FALSE,2021/05/03
LN000295,C0534,Home,8710792.56,750708.07,9.38,154,No,11-05-2019
LN000296,C0435,Personal,532965.45,95309.47,10.56,44,0,2020-10-01
LN000297,C0427,Auto,642057.39,574964.45,,77,FALSE,2023-09-19
LN000298,C0797,Auto,1518260.39,527401.38,10.67,44,N,2021-02-06
LN000299,C0766,Auto,971645.4,106693.28,,45,N,2021-09-12
LN000300,C0287,Auto,1636674.2,571806.35,10.42,49,No,07-10-2022
LN000301,C0370,Home,9887738.3,4325356.94,9.94,180,false,2020-10-17
LN000302,C0822,Education,971563.58,803456.6,,16,No,12-08-2022
LN000303,C0802,Education,580299.24,444916.49,8.05,45,FALSE,2023-05-05
LN000304,C0455,Home,8070176.47,4066593.01,7.34,132,0,2022-07-15
LN000305,C0793,Personal,543016.1,304101.31,11.73,15,false,21-06-2023
LN000306,C0578,Personal,114313.79,130576.33,12.2,27,No,12-09-2023
LN000307,C0380,Personal,93469.71,36062.51,10.74,42,0,2020/09/12
LN000308,C0306,Home,9973136.81,2884701.81,8.33,227,No,23-11-2020
LN000309,C0644,Home,8150918.62,853806.15,9.21,130,0,2021/08/18
LN000310,C0406,Personal,235260.97,105785.79,12.24,46,N,2021/05/12
LN000311,C0142,Auto,1342618.81,135280.92,,54,N,2020/04/21
LN000312,C0808,Personal,480076.27,303666.2,12.33,26,N,2022/07/26
LN000313,C0602,Personal,367249.02,86891,12.72,29,FALSE,01-08-2021
LN000314,C0777,Personal,339116.6,163673.53,15.81,25,No,2023/08/25
LN000315,C0733,Auto,1100808.58,177760.25,9.35,70,N,2020/09/07
LN000316,C0072,Personal,359066.38,50231.2,14.43,51,true,2021/02/11
LN000317,C0108,Auto,361266.1,272.01,,82,0,2022-01-25
LN000318,C0698,Home,3051889.2,2150730.11,7.61,222,Y,2023-09-15
LN000319,C0466,Education,1787846.19,1281623.77,11.94,53,FALSE,11-03-2020
LN000320,C0895,Home,2237709.55,346966.75,9.46,130,Y,03-05-2022
LN000321,C0542,Home,4123350.2,372964.6,,173,No,2020/02/01
LN000322,C0873,Auto,1600622.11,195245.42,8.46,63,N,08-12-2023
LN000323,C0348,Education,1920517.33,1200175.05,11.35,53,TRUE,05-11-2021
LN000324,C0756,Education,1704019.08,219078,8.42,21,N,01-07-2022
LN000325,C0139,Auto,1283544.33,27820.52,11.52,82,FALSE,28-08-2023
LN000326,C0233,Home,2096575.4,1794172.02,8.19,137,false,05-10-2022
LN000327,C0054,Education,518270.37,125364.69,8.58,33,FALSE,22-07-2019
LN000328,C0903,Home,8220268.38,3201946.47,7.64,208,false,06-10-2020
LN000329,C0635,Auto,1289261.98,529505.69,11.56,55,0,06-05-2020
LN000330,C0042,Auto,512134.16,373638.72,9.58,79,0,28-02-2023
LN000331,C0991,Education,1082792.16,1258613.02,11.35,14,0,2021/02/14
LN000332,C0014,Home,5650807.86,2404002.01,7.1,128,N,10-01-2022
LN000333,C0358,Education,1255918.32,1365085.46,8.3,16,true,2023/06/26
LN000334,C0344,Home,4063243.71,1608078.82,8.21,171,FALSE,2022-06-03
LN000335,C0145,Education,1461256.23,1596841.52,8.77,42,true,2019/03/03
LN000336,C0400,Auto,1477962.35,984210.62,9.93,82,0,09-11-2020
LN000337,C0336,Education,1943612.46,1129788.78,9.65,14,0,2021-07-02
LN000338,C0259,Home,8293294.79,1832194.79,9.23,120,false,2021/01/25
LN000339,C0788,Personal,386090.47,109457.64,11.14,16,No,2023-06-14
LN000340,C0123,Education,323779.49,33362.56,,23,Y,2020/03/27
LN000341,C0861,Home,3375077.03,1703558.05,8.68,182,FALSE,2020/01/03
LN000342,C0570,Auto,930781.03,619636.34,9.18,59,0,2022/08/12
LN000343,C0483,Auto,1724764.28,853180.27,8.69,52,false,21-12-2021
LN000344,C0255,Auto,1378203.96,368214.21,11.68,39,0,03-02-2019
LN000345,C0592,Education,1593475.55,33642.73,10.01,22,No,2020-06-11
LN000346,C0831,Home,9526744.73,3601017.04,9.07,121,FALSE,25-04-2019
LN000347,C0721,Home,7367349.72,3725503.35,7.5,233,false,2022/01/11
LN000348,C0999,Auto,390464.15,86934.12,11.95,78,0,2021-02-25
LN000349,C0349,Home,9907417.4,7029801.53,8.14,122,No,2019-10-02
LN000350,C0063,Home,3660988.72,4505827.4,7.32,131,1,2019/05/22
LN000351,C0249,Home,7094940.3,2755577.24,7.22,209,false,2020-11-06
LN000352,C0518,Home,7894040.23,8761410.44,7.15,209,N,2021-05-02
LN000353,C0368,Personal,486909.35,135408.19,14.13,23,0,2019/03/06
LN000354,C0720,Education,1847296.07,1507547.56,,58,N,2021-08-10
LN000355,C0849,Education,749757.97,229628.51,8.46,48,No,2022/12/17
LN000356,C0010,Auto,1783364.22,706232.14,8.05,45,FALSE,2022/03/24
LN000357,C0024,Personal,58800.37,18940.5,10.6,35,false,06-01-2020
LN000358,C0407,Education,1474695.39,398107.15,8.97,23,N,2023/05/13
LN000359,C0720,Personal,530789.33,436643.62,15.57,47,Yes,2020/03/17
LN000360,C0106,Auto,1109243.57,86212.93,11.22,76,No,2021-06-15
LN000361,C0769,Home,8081755.81,3187424.92,,152,N,06-10-2020
LN000362,C0850,Personal,496368.75,246083.43,15.94,29,FALSE,2020-12-15
LN000363,C0831,Home,2351475.23,1371764.51,8.62,216,0,2019-11-28
LN000364,C0274,Home,3475075.77,2479900.38,7.6,211,0,2021/04/09
LN000365,C0042,Personal,120579.85,75740.99,14.81,16,N,2022/06/10
LN000366,C0464,Personal,207624.59,239582.85,13.6,22,true,2019-12-28
LN000367,C0577,Home,8135664.74,2141033.37,9.15,178,FALSE,2021/01/03
LN000368,C0273,Home,5992810.74,933916.8,9.75,236,0,2020-04-26
LN000369,C0664,Auto,437512.33,317830.19,10.23,66,0,2020-06-23
LN000370,C0876,Personal,449845.52,347736.84,15.42,29,FALSE,2023-08-11
LN000371,C0545,Personal,421190.7,157000.54,10.46,43,No,19-01-2022
LN000372,C0156,Home,6481951.45,117990.01,,184,N,2021-07-25
LN000373,C0987,Home,6194581.26,478447.64,8.4,236,false,26-07-2020
LN000374,C0599,Home,6156351.16,1137935.95,9.27,137,Yes,2020/08/07
LN000375,C0183,Education,1814726.41,1374974.2,10.23,39,N,14-05-2023
LN000376,C0825,Education,1618289.51,378364.62,11.15,45,0,2019-06-21
LN000377,C0930,Home,6282351.84,4736225.5,9.28,123,No,2019-10-03
LN000378,C0424,Personal,466924.65,257293.48,11.7,38,N,2022-04-10
LN000379,C0759,Education,918326.1,602343.87,11.23,12,No,2019-10-07
LN000380,C0738,Personal,292583.97,3887.57,12.67,27,N,28-01-2023
LN000381,C0524,Education,1586721.32,947334.86,8.11,42,N,13-07-2020
LN000382,C0263,Education,1271899.78,1362542.5,10.07,27,N,2020-09-23
LN000383,C0111,Home,7094574.67,637995.7,,166,false,2019/11/24
LN000384,C0585,Auto,356860.98,268264.65,8.33,62,FALSE,05-05-2019
LN000385,C0638,Personal,115276.27,59597.06,15.48,21,No,14-12-2020
LN000386,C0670,Home,5077486.1,6453320.99,9.27,195,false,2019/06/06
LN000387,C0067,Auto,971588.99,233025.92,11.32,58,Yes,2019/03/05
LN000388,C0932,Home,8930550.75,2718669.09,9.27,238,N,2022/07/27
LN000389,C0195,Auto,1410160.33,937718.82,,64,N,2019-05-01
LN000390,C0522,Auto,1091652.91,367970.57,8.53,75,FALSE,2019/03/18
LN000391,C0929,Auto,1380920.92,517636.17,10.01,70,N,2023-03-05
LN000392,C0254,Home,3293742.25,1505025.78,7.62,237,FALSE,01-05-2023
LN000393,C0395,Education,714283.02,104208.82,10.64,48,FALSE,04-05-2022
LN000394,C0543,Education,1486880.6,828204.11,9.98,40,FALSE,2020/06/14
LN000395,C0472,Education,568544.95,88085.73,9.14,41,No,2023/11/12
LN000396,C0146,Education,551943.49,464310.31,8.95,59,N,26-09-2019
LN000397,C0663,Education,1187652.56,1233970.74,9.13,57,N,11-02-2022
LN000398,C0709,Education,1755288.89,1133240.76,9.23,23,Yes,18-01-2021
LN000399,C0142,Personal,163085.07,133428.72,11.16,45,0,26-11-2021
LN000400,C0207,Personal,248281.58,189065.63,10.07,34,false,2022/09/23
LN000401,C0961,Personal,99099.42,51565.25,13.6,57,false,2022-08-14
LN000402,C0067,Personal,221321.4,246708.51,13.5,20,N,08-05-2019
LN000403,C0545,Home,7497847.94,9634635.15,9.26,148,N,2021/07/22
LN000404,C0041,Education,437323.48,174083.13,9.46,55,false,16-02-2021
LN000405,C0430,Education,1501718.22,1320927.45,9.13,12,FALSE,2021-07-16
LN000406,C0215,Education,281191.96,185617.2,,27,FALSE,2021-01-25
LN000407,C0280,Education,329990.09,266270.48,,20,N,2020-09-16
LN000408,C0282,Home,7685482.72,1417418.79,7.53,153,N,24-11-2020
LN000409,C0149,Home,4635895.79,4155874.03,7.58,182,0,26-06-2019
LN000410,C0316,Home,9225337.38,1931111.26,7.08,171,No,19-11-2022
LN000411,C0383,Education,684402.5,576619.07,11.09,42,false,2023-09-11
LN000412,C0443,Auto,497708.53,333306.96,9.94,78,N,2019-05-25
LN000413,C0109,Auto,756877.68,238716.97,11.49,65,false,2023/08/16
LN000414,C0983,Education,1285345.66,999176.54,,25,true,2020-10-28
LN000415,C0714,Auto,1561325.78,850157.45,,48,Yes,2020-02-16
LN000416,C0630,Personal,477306.64,132892.22,10.84,56,Yes,2020-07-18
LN000417,C0104,Home,8253495.66,18399.52,8.49,176,0,2023-01-16
LN000418,C0336,Personal,53802.91,42433.62,12.99,42,FALSE,2021-12-28
LN000419,C0358,Education,1617183.26,91576.44,9.5,56,0,05-02-2021
LN000420,C0751,Personal,259296.98,106501.35,,33,false,2023-01-07
LN000421,C0561,Education,1661018.51,1005987.85,9.93,25,FALSE,2022/11/02
LN000422,C0032,Home,7643655.4,784612.15,9.33,237,TRUE,18-02-2020
LN000423,C0661,Home,2094989.65,1986.79,8.65,146,FALSE,25-12-2023
LN000424,C0505,Home,4692295.61,431075.84,8.98,200,N,2019/12/17
LN000425,C0747,Home,9359874.69,6169177.55,7.4,131,false,2023-12-26
LN000426,C0976,Home,4318307.98,5260156.65,8.76,237,No,2019-06-08
LN000427,C0481,Education,1982781.25,863550.65,,17,N,2022/07/09
LN000428,C0752,Education,1971852.63,1392850.29,10.46,18,N,2019/01/03
LN000429,C0246,Education,616049.52,500278.88,8.83,53,FALSE,17-10-2022
LN000430,C0547,Home,2646364.02,1969572.03,7.39,179,N,2019/08/27
LN000431,C0240,Home,6870343.88,423679.17,,156,false,13-06-2023
LN000432,C0222,Education,1749305.55,423144.55,8.76,35,FALSE,2022-04-15
LN000433,C0926,Education,895683.88,501913.9,8.52,19,0,2022-10-05
LN000434,C0672,Auto,737268.6,296179.21,9.79,60,false,19-05-2021
LN000435,C0149,Home,4746462.61,4180704.27,8.11,238,TRUE,2022/12/10
LN000436,C0036,Auto,938694.81,518987.74,9.09,59,No,12-07-2020
LN000437,C0234,Auto,1795917.03,453789.77,10.97,70,0,2019-02-12
LN000438,C0317,Auto,1465997.81,1170982.47,8.74,47,false,2023-06-24
LN000439,C0573,Personal,146775.02,50526.85,10.61,33,0,2022-05-05
LN000440,C0554,Education,1128097.95,1365666.52,8.89,44,N,2022-04-10
LN000441,C0066,Home,6610505.99,3050633.57,8.78,176,FALSE,03-06-2023
LN000442,C0049,Auto,721350.23,85651.37,8.27,43,No,16-01-2023
LN000443,C0400,Education,128248.85,163985.08,8.16,41,0,2023/08/02
LN000444,C0846,Education,1415973.02,1023003.87,10.25,14,N,2022/10/03
LN000445,C0820,Auto,1415606.15,848705.7,10.34,76,false,2023-04-26
LN000446,C0793,Home,9357674.27,622457.12,9.62,140,false,24-01-2021
LN000447,C0110,Education,1964201.59,682678.97,10.45,18,No,2020-03-12
LN000448,C0528,Auto,1397186.82,409766.12,8.43,54,N,23-05-2020
LN000449,C0426,Home,4927548.63,1705449.73,,160,false,2023/02/05
LN000450,C0874,Personal,422180.96,324199.3,15.62,57,FALSE,2020/09/04
LN000451,C0590,Home,7413838.31,2039394.37,8.21,174,0,2022/07/04
LN000452,C0720,Personal,393307,105775.89,12.9,54,N,2022/09/03
LN000453,C0722,Home,6864232.56,3615352.81,9.96,169,No,2023-08-14
LN000454,C0897,Home,4654672.46,2000568.47,7.95,200,N,2019-08-22
LN000455,C0800,Home,6599122.09,79461.18,9.94,192,N,2022-11-17
LN000456,C0247,Education,1461321.78,1153047.67,8.14,51,FALSE,2019-08-24
LN000457,C0808,Auto,487850.42,403668.58,10.75,47,0,2022/09/19
LN000458,C0087,Personal,443959.91,362912.11,12.83,34,false,2019-07-11
LN000459,C0136,Auto,1161082.09,221080.17,10.8,82,false,2022/06/26
LN000460,C0152,Auto,834590.19,522005.11,,52,N,2022-11-12
LN000461,C0497,Auto,1329904.2,593886.33,11.37,71,No,13-11-2020
LN000462,C0387,Auto,1097149.08,913127.66,10.38,73,N,19-08-2022
LN000463,C0626,Auto,1630087.02,1288962.33,,79,No,27-12-2019
LN000464,C0319,Home,3877238.24,1419343.47,7.69,156,false,2022/09/14
LN000465,C0496,Home,8821425.99,1750513.76,8.29,172,No,25-12-2019
LN000466,C0581,Home,2190545.1,2376095.13,9.59,161,Yes,2021/11/19
LN000467,C0998,Auto,1051544.1,655518.46,11.15,39,0,22-01-2021
LN000468,C0640,Auto,334953.7,289165.1,9.54,46,0,2023-08-16
LN000469,C0747,Education,1745325.64,1016213.11,8.93,43,FALSE,12-05-2019
LN000470,C0378,Education,1550738.52,854456.69,10.86,50,1,01-09-2019
LN000471,C0855,Auto,663133.61,675199.5,8.92,61,No,2019-12-07
LN000472,C0255,Personal,443609.89,330082.52,11.15,36,0,10-01-2020
LN000473,C0689,Education,899459.76,174501.55,11.83,58,Y,2020/12/24
LN000474,C0484,Home,3057099.83,1860309.96,9.59,235,Y,12-09-2020
LN000475,C0383,Education,256840.06,118595.35,11.83,42,No,10-06-2021
LN000476,C0256,Home,5108379.98,25883.12,,158,false,08-05-2020
LN000477,C0365,Personal,531027.19,363525.78,12.04,20,FALSE,2022/10/25
LN000478,C0658,Home,8553690.64,3707172.01,,154,FALSE,07-07-2023
LN000479,C0844,Personal,539434.73,220934.98,15.27,29,FALSE,19-11-2019
LN000480,C0790,Personal,359538.73,273663.46,,42,FALSE,2023/05/28
LN000481,C0364,Education,485265.15,33345.5,11.06,30,FALSE,2020-07-28
LN000482,C0933,Personal,297050.27,189536.64,12.24,43,FALSE,2022/01/28
LN000483,C0698,Personal,445398.29,252720.09,,19,N,19-02-2019
LN000484,C0290,Auto,318543.54,130107.77,8.58,37,Y,2020-01-24
LN000485,C0924,Home,3557725.97,909137.3,8.37,136,true,2022-01-08
LN000486,C0891,Education,1015238.24,564539.49,9.4,30,1,2019-08-06
LN000487,C0955,Home,3412563.74,877369.09,8.06,228,N,2021-07-07
LN000488,C0821,Home,3522929.84,1959917.82,8.48,186,N,10-10-2020
LN000489,C0400,Education,247416,133014.65,,31,false,03-06-2023
LN000490,C0009,Personal,117066.87,121767,15.29,39,0,2020/02/03
LN000491,C0380,Home,7263421.16,4831683.12,,226,Yes,2020/06/16
LN000492,C0443,Home,8288222.09,711945.13,9.29,171,No,2020-03-14
LN000493,C0043,Home,3246019.35,2071647.15,9.82,196,0,08-05-2021
LN000494,C0252,Personal,50076.91,41142.48,13.61,13,No,2020-11-23
LN000495,C0021,Personal,147936.7,100668.9,,58,0,13-06-2019
LN000496,C0570,Auto,1197450.6,239280.39,10.16,73,false,2021-03-11
LN000497,C0224,Personal,352148.05,154623.73,12.65,52,No,2021/03/05
LN000498,C0504,Personal,235244.48,161462.03,12.86,30,false,2019-04-11
LN000499,C0575,Auto,716128.89,26306.97,8.4,63,0,13-02-2023
LN000500,C0577,Auto,312251.8,26518.74,10.96,78,FALSE,11-12-2023
LN000501,C0448,Education,1301775.26,1648405.72,8.49,26,N,2020/07/02
LN000502,C0584,Auto,1040467.42,413033.12,,65,N,2019/04/16
LN000503,C0175,Education,102032.57,36842.8,10.64,46,FALSE,2021/09/10
LN000504,C0154,Home,7975619.7,6624595.86,8.25,169,false,2022-12-18
LN000505,C0723,Education,331044.74,391980.16,9.97,23,false,2021/09/05
LN000506,C0077,Education,1654969.49,2009270.41,10.14,30,No,18-10-2022
LN000507,C0389,Auto,1571127.39,7421.98,10.28,75,N,04-08-2021
LN000508,C0516,Home,7061007.61,1483050.37,9.65,143,No,2020/11/25
LN000509,C0188,Home,8894107.6,7290708.76,8.67,181,Y,06-09-2022
LN000510,C0486,Personal,330529.1,230118.68,12.66,13,0,2022/12/13
LN000511,C0378,Personal,65319.57,50701.68,11.55,28,false,2023/04/22
LN000512,C0502,Personal,480596.73,579492.72,10.42,14,N,2019-10-21
LN000513,C0531,Personal,542228.12,209636.96,14.45,43,N,2021-08-21
LN000514,C0732,Education,1134960.4,405578.04,8.49,57,0,05-12-2019
LN000515,C0529,Auto,1231434.92,520188.74,,79,false,17-11-2022
LN000516,C0206,Home,6317993.74,3222919.86,8.38,187,0,23-08-2019
LN000517,C0942,Education,1649752.4,1668868,10.36,58,0,17-01-2021
LN000518,C0445,Personal,247501.28,169850.44,11.17,48,0,18-11-2022
LN000519,C0010,Education,173617.47,129523.59,,49,0,2022/10/10
LN000520,C0537,Auto,699781.56,616543.14,10.18,53,TRUE,10-12-2020
LN000521,C0522,Education,186183.61,49882.09,9.12,17,N,2022/02/20
LN000522,C0561,Education,976024.2,334538.49,,16,Y,2021/07/23
LN000523,C0965,Home,5564378,5809262.21,7.01,176,No,2023/12/16
LN000524,C0647,Education,1282899.68,1009799.93,8.25,48,FALSE,2022/08/12
LN000525,C0230,Education,1658423.6,350515.16,,43,false,2020/11/20
LN000526,C0711,Auto,360315.49,29593.13,8.11,48,No,23-11-2021
LN000527,C0922,Auto,654087.91,24011.31,,56,0,19-07-2020
LN000528,C0387,Education,1869856.08,361463.48,9.67,55,0,2019-04-28
LN000529,C0233,Auto,354758.96,50940.79,,56,No,2022/10/08
LN000530,C0667,Personal,327029.32,62784.85,11.91,17,0,15-12-2021
LN000531,C0320,Auto,1252396.78,921214.88,9.67,79,No,2023-02-23
LN000532,C0316,Personal,299767.29,226741.36,10.93,14,FALSE,2022-05-02
LN000533,C0068,Personal,124514.43,7037.81,11.75,52,0,2020-05-14
LN000534,C0733,Home,9515808.22,5605947.79,8.66,229,N,2020/02/12
LN000535,C0901,Home,7544076.81,9768880.98,7.82,144,false,2022/07/01
LN000536,C0132,Auto,860199.91,709792.05,8.46,49,false,2023/09/06
LN000537,C0778,Education,410538.55,298344.61,10.66,27,FALSE,2020-11-06
LN000538,C0606,Home,2924376.13,2395604.32,,215,false,25-08-2021
LN000539,C0236,Education,1457742.39,971036.14,8.42,58,Y,23-03-2021
LN000540,C0894,Education,1526953.91,271719.23,11.67,47,0,2022/07/22
LN000541,C0886,Personal,486017.38,17892.11,11.65,37,0,2020-03-09
LN000542,C0799,Auto,827663.72,92793.96,9.08,46,false,2019/08/21
LN000543,C0978,Personal,401173,461913.86,13.69,43,N,11-09-2023
LN000544,C0308,Home,2704935.43,1589143.77,7.49,126,false,2021-07-28
LN000545,C0881,Home,5437578.1,6783340.68,8.06,215,FALSE,25-10-2021
LN000546,C0802,Education,1492123.15,935603.38,8.21,26,Yes,15-01-2022
LN000547,C0622,Home,9123593.17,5141200.18,7.82,136,No,2021/05/06
LN000548,C0315,Home,4573630.99,2569912.83,9.17,164,0,2019/02/01
LN000549,C0492,Personal,114717.8,24091.4,14.49,17,true,24-10-2020
LN000550,C0854,Personal,533686.55,548971.18,15.37,39,true,2019/03/19
LN000551,C0114,Personal,128309.39,9829.77,,12,FALSE,2023-08-10
LN000552,C0755,Auto,1536665.5,731443.63,,42,Yes,2020-01-09
LN000553,C0607,Home,7223274.44,2303557.29,7.97,181,FALSE,2020-12-19
LN000554,C0584,Home,3288730.45,255149.67,9.97,127,No,2022-04-12
LN000555,C0079,Home,4380575.19,3677312.49,8.71,218,FALSE,2022/11/14
LN000556,C0380,Education,818020.83,233649.99,10.62,32,FALSE,2021-05-25
LN000557,C0895,Auto,1239805.99,131586.54,9.93,46,Yes,2021-04-11
LN000558,C0439,Auto,1015968.07,204089.25,8.72,53,false,07-10-2022
LN000559,C0791,Auto,758048.59,585487.93,,51,FALSE,24-07-2019
LN000560,C0852,Personal,501103.9,555175.96,15.83,31,No,2022-09-18
LN000561,C0182,Home,3750016.27,4729938.37,7.04,192,N,2023/04/10
LN000562,C0213,Personal,141431.92,47718.56,10.46,53,false,2021-01-25
LN000563,C0172,Education,597827.05,468740.41,,14,No,2021-06-10
LN000564,C0115,Personal,476801.28,134553.99,11.7,40,N,03-08-2020
LN000565,C0264,Personal,112536.74,60344.75,,25,N,2020-05-21
LN000566,C0545,Personal,165667.49,32856.44,,25,1,2023/11/01
LN000567,C0847,Home,4391324.51,3014961.49,8.5,232,1,2022-08-27
LN000568,C0248,Education,1505787.74,809000.44,10.29,12,false,22-11-2020
LN000569,C0132,Personal,131875.9,19917.86,13.78,22,TRUE,2023/05/26
LN000570,C0812,Education,282944.74,101316.6,8.73,14,1,27-12-2020
LN000571,C0294,Home,4845912.16,666546.38,7.76,218,false,11-08-2019
LN000572,C0410,Auto,942216.19,708668.62,9.03,52,0,2022/01/08
LN000573,C0072,Education,187347.59,167594.05,,48,FALSE,05-07-2020
LN000574,C0433,Home,2159652.54,1666150.81,7.54,190,false,2022-09-16
LN000575,C0248,Personal,189543.19,110987.97,10.6,59,N,23-04-2019
LN000576,C0610,Home,5223816.86,2715569.76,9.31,123,N,2022-04-11
LN000577,C0794,Education,1328114.95,835875.36,10.42,16,N,2022-03-07
LN000578,C0898,Personal,86311.82,89164.86,11.05,13,false,28-10-2023
LN000579,C0281,Home,3502858.75,2027170.48,8.63,225,N,2023/12/07
LN000580,C0194,Home,2996682.69,3375509.12,7.64,168,No,2021/09/04
LN000581,C0444,Auto,1404901.85,639249.61,9.35,80,No,2023/11/17
LN000582,C0613,Education,1900204.05,65722.18,,56,0,2021/08/11
LN000583,C0399,Personal,518804,103087.73,13.69,16,0,06-01-2021
LN000584,C0024,Home,4480013.82,3122710.74,9.38,214,FALSE,14-12-2022
LN000585,C0101,Home,3829320.52,1364757.23,9.41,229,false,04-06-2021
LN000586,C0132,Education,986781.93,54837.02,,51,N,2022/02/15
LN000587,C0596,Education,969411.43,275657.01,,24,N,23-12-2023
LN000588,C0975,Home,8354864.46,4878880.46,7.23,233,N,2021/08/10
LN000589,C0311,Home,6607247.77,3707263.66,9.26,188,0,2021-08-24
LN000590,C0359,Auto,1468595.63,324817.77,10.41,52,FALSE,09-01-2023
LN000591,C0061,Home,3043186.11,1248906.31,8.07,167,FALSE,2022-03-22
LN000592,C0745,Home,2212069.56,1167758.37,,190,true,2021-09-23
LN000593,C0360,Home,3859590.39,1287504.56,8.79,204,0,2021/04/26
LN000594,C0063,Personal,239469.99,37005.58,13.01,12,false,2021-01-22
LN000595,C0091,Education,1739477.86,511726.68,11.05,23,N,01-06-2021
LN000596,C0931,Education,748893.73,316493.26,,49,FALSE,2022-10-28
LN000597,C0046,Auto,763602.54,64153.19,9.24,54,FALSE,2023/08/16
LN000598,C0067,Home,3015358.02,489246.65,,199,N,2022-06-20
LN000599,C0569,Auto,1269570.4,842114.43,,79,N,2021/09/27
LN000600,C0019,Home,2460587.18,2090215.5,,175,TRUE,2023-02-17
LN000601,C0284,Education,2071868.93,556641.08,,35,N,2022/10/01
LN000602,C0067,Auto,746439.38,422614.7,11.01,72,0,2019-08-12
LN000603,C0076,Personal,132668.11,99476.5,14.29,50,false,2021/05/28
LN000604,C0504,Personal,251905.14,104137.58,13.59,47,0,2019-07-16
LN000605,C0181,Auto,719993.77,540766.28,11.31,50,N,04-11-2022
LN000606,C0084,Home,4497808.69,17467.34,,192,N,2021-01-25
LN000607,C0984,Personal,92024.55,101190.3,12.88,47,0,2021-09-20
LN000608,C0439,Auto,675093.14,299513.99,10.76,63,0,25-04-2023
LN000609,C0878,Auto,326200.19,376773.51,10.7,55,false,2021/10/18
LN000610,C0786,Auto,525335.53,218765.23,11.57,48,0,13-08-2020
LN000611,C0940,Personal,276414.13,24693.6,11.07,51,false,2019/03/24
LN000612,C0147,Personal,511916.78,257405.56,12.15,32,FALSE,2023-08-22
LN000613,C0099,Home,6961462.5,60173.09,9.3,182,FALSE,2020-12-22
LN000614,C0158,Home,7678016.62,6196399.2,8.97,131,N,2023-05-16
LN000615,C0681,Education,1676689.33,332179.87,11.21,32,FALSE,2020-05-12
LN000616,C0391,Home,7986395.92,2741547.08,9.73,239,No,2021/12/22
LN000617,C0672,Personal,56834.77,17997.86,13.29,50,Y,2022/07/26
LN000618,C0532,Personal,489716.02,71534.86,,41,FALSE,2020/10/09
LN000619,C0801,Auto,1358993.69,236467.29,11.19,69,0,2019-08-12
LN000620,C0554,Education,1816442.4,1081544.15,,26,0,25-09-2021
LN000621,C0075,Auto,1684985.95,532660.19,11.73,44,false,28-07-2021
LN000622,C0092,Home,2467244.23,1417781.67,7.79,124,Y,01-01-2023
LN000623,C0145,Auto,396631.65,117510.07,10.41,67,TRUE,2021/12/19
LN000624,C0543,Education,1931808.7,1135082.45,,27,No,2022-07-03
LN000625,C0213,Education,179099.63,125876.92,9.36,37,FALSE,02-12-2020
LN000626,C0989,Personal,407935.33,303928.47,10.04,49,0,2019/10/06
LN000627,C0625,Education,2027260.44,1417363.88,11.88,49,true,17-04-2022
LN000628,C0622,Home,2650809.78,2174997.74,8,233,No,07-06-2021
LN000629,C0705,Education,1856478.77,298650.2,,18,FALSE,2019-06-11
LN000630,C0646,Personal,124412.91,57534.23,15.85,47,0,2019-06-04
LN000631,C0853,Auto,1614872.3,89086.84,11.62,60,FALSE,17-01-2023
LN000632,C0251,Home,2752673.92,169905.9,8.51,169,Y,2022/04/07
LN000633,C0096,Home,6034974.51,3726330.29,9,162,TRUE,02-08-2019
LN000634,C0938,Home,4366577,3580711.66,8.75,177,true,21-04-2020
LN000635,C0649,Home,7159811.32,5089226.36,,221,true,19-09-2019
LN000636,C0765,Home,4766351.41,1212280.27,7.4,174,Y,2019-04-10
LN000637,C0542,Home,5838090.14,1553316.2,9.52,185,false,2022-08-02
LN000638,C0172,Auto,1558069.51,2008141.57,9.97,83,FALSE,2022-10-26
LN000639,C0340,Personal,314446.79,76382.02,14.97,47,0,04-06-2023
LN000640,C0867,Education,849286.8,87471.08,11.65,47,FALSE,20-04-2019
LN000641,C0814,Home,8497075.13,8788449.18,8.06,205,No,16-07-2023
LN000642,C0977,Auto,538270.32,304340.93,11.6,55,0,05-08-2023
LN000643,C0048,Education,1345940.61,464010.62,,25,N,26-06-2019
LN000644,C0946,Education,270561.91,1400.94,8.94,48,TRUE,2022-06-27
LN000645,C0319,Personal,282971.87,189585.12,10.52,19,true,2020/01/22
LN000646,C0399,Auto,1262516.05,350271.99,10.24,52,FALSE,09-06-2021
LN000647,C0529,Auto,947864.55,397251.09,,67,FALSE,27-01-2023
LN000648,C0330,Education,145397.44,182811.47,11.29,59,N,17-06-2022
LN000649,C0990,Personal,385100.04,320560.61,13.57,57,0,2020-12-16
LN000650,C0109,Auto,1488433.78,1008855.11,8.93,78,No,25-05-2019
LN000651,C0167,Auto,1386708.17,1011632.98,9.29,75,No,05-11-2023
LN000652,C0972,Home,5242525.99,666022.38,,157,true,2023-03-05
LN000653,C0983,Auto,1359176.87,1404696.93,8.75,70,0,04-10-2023
LN000654,C0262,Personal,284051.42,20765.53,,48,false,06-11-2020
LN000655,C0317,Home,3457352.51,4297470.06,8.93,165,N,2023/05/28
LN000656,C0216,Education,374763.31,249654.21,9.88,44,false,24-06-2019
LN000657,C0572,Personal,476918.38,173359.64,10.37,46,FALSE,2019-02-17
LN000658,C0560,Auto,1417293.2,409265.08,8.84,71,0,2019/11/24
LN000659,C0142,Education,1604980.78,397631.98,11.64,51,FALSE,2021/08/23
LN000660,C0327,Personal,449855.25,554673.43,10.73,52,No,13-09-2023
LN000661,C0275,Auto,998333.2,392009.07,8.36,49,No,25-02-2021
LN000662,C0463,Home,9465134.95,8496194.3,9.24,133,false,2023-05-23
LN000663,C0249,Personal,458064.77,241559.14,12.25,44,FALSE,17-01-2022
LN000664,C0937,Personal,90724.97,72275.44,13.97,50,No,26-12-2019
LN000665,C0175,Personal,353260.98,207360.98,14.76,53,N,2023/03/21
LN000666,C0832,Education,1631098.68,581161.2,10.59,45,No,2022-06-21
LN000667,C0082,Auto,1344995.01,748920.19,10.26,48,1,2022-03-17
LN000668,C0206,Personal,268039.52,17932.32,10.86,36,No,2023/02/18
LN000669,C0653,Education,1379118.45,1436126.06,,34,false,05-01-2019
LN000670,C0592,Home,8997101.71,14724.53,9.48,208,No,2020/09/14
LN000671,C0810,Personal,215864.91,72493.51,,41,0,2023/07/07
LN000672,C0051,Home,3599157.88,2143495.31,9.15,198,No,2021/05/08
LN000673,C0952,Personal,94726.68,75498.55,15.62,21,0,2021/02/05
LN000674,C0392,Auto,1484901.51,1162021.29,8.77,60,N,08-10-2021
LN000675,C0321,Education,1704436.71,1026063.44,10.96,22,0,2021-03-18
LN000676,C0756,Personal,55463.44,41035.65,15.91,39,false,2020-03-28
LN000677,C0113,Home,3472210.92,1392382.99,8.28,183,FALSE,03-01-2020
LN000678,C0542,Education,1987075.9,1353282.34,9.36,22,No,17-09-2019
LN000679,C0787,Personal,546310.68,105985.74,,46,N,02-08-2021
LN000680,C0819,Auto,388742.03,19717.25,9.96,64,Y,2020/01/22
LN000681,C0577,Education,1803797.32,729461.61,9.32,12,true,2020/11/26
LN000682,C0141,Education,1830281.1,926172.58,9.34,51,0,17-08-2022
LN000683,C0504,Personal,248964.37,154835.04,,31,N,2020/01/11
LN000684,C0849,Personal,353193.35,161346.56,13.54,15,TRUE,2019-01-12
LN000685,C0617,Home,5204816.54,393629.39,8.03,125,false,2020/08/19
LN000686,C0759,Personal,251946.26,199915.76,13.68,14,No,2023/03/11
LN000687,C0158,Home,9121537.32,1072890.89,9.11,231,N,03-08-2019
LN000688,C0480,Personal,540380.82,366977.71,13.74,40,Yes,21-08-2020
LN000689,C0252,Auto,1428111.07,94301.43,,77,No,2023-02-18
LN000690,C0813,Auto,1015746.79,862124.24,10.31,61,No,2019-10-23
LN000691,C0823,Home,9935181.33,1806608.13,9.17,151,N,2021/06/11
LN000692,C0145,Education,510391.15,448386.79,9.77,13,No,18-10-2019
LN000693,C0056,Personal,296755.44,249095.04,10.94,32,0,2020/06/25
LN000694,C0205,Education,1522737.05,977146.07,10.42,23,N,15-11-2023
LN000695,C0520,Personal,127437.09,93783.61,13.83,21,FALSE,2020/08/05
LN000696,C0223,Home,4406324.83,3491743.76,9.83,150,FALSE,2020-01-21
LN000697,C0912,Personal,410364.11,207313.56,10.12,14,N,06-10-2023
LN000698,C0398,Home,5584202.65,2183366.96,7.79,149,0,09-06-2023
LN000699,C0359,Auto,1368472.77,935423.03,10.32,40,TRUE,2020-09-03
LN000700,C0451,Auto,1219524.95,997211.32,8.05,82,0,2020-09-02
LN000701,C0963,Auto,896923.63,302921.7,10.5,39,No,2023-07-26
LN000702,C0757,Personal,103963.38,9931.06,13.83,12,No,18-06-2020
LN000703,C0637,Personal,274467.35,105473.13,10.42,39,false,2020/03/03
LN000704,C0756,Auto,718625.65,402365.36,8.9,52,FALSE,2019-02-12
LN000705,C0566,Education,981305.95,448379.61,11.94,14,No,2019-06-11
LN000706,C0086,Auto,1209464.02,990799.01,,75,No,2021-05-28
LN000707,C0238,Education,2020853.1,2397837.15,11.85,52,No,2020/11/13
LN000708,C0796,Education,1023618.69,11980.81,8.52,42,No,28-06-2021
LN000709,C0269,Education,787433.39,346885.15,10.04,39,N,2021-05-11
LN000710,C0847,Education,1007473.91,139450.49,9.98,24,FALSE,2021/09/03
LN000711,C0204,Personal,239911.05,80771.86,,44,false,2019/02/12
LN000712,C0319,Education,1866241.73,1581567.71,9.77,59,TRUE,2020/08/26
LN000713,C0106,Home,2798262.49,1801211.62,7.73,200,false,2023-11-28
LN000714,C0277,Auto,1351542.18,860183.8,11.02,68,No,2019/07/13
LN000715,C0399,Auto,306833.88,179550.78,11.25,36,false,2022-12-06
LN000716,C0929,Auto,1354715.18,1007566.39,11.87,74,N,2020-11-28
LN000717,C0499,Auto,1751189.81,277854.85,11.56,42,1,2023-02-25
LN000718,C0761,Education,1294891.72,711218.62,8.03,12,FALSE,2023-10-16
LN000719,C0651,Personal,367916.23,299150.3,13.82,24,false,09-04-2019
LN000720,C0044,Home,5913947.81,4459992.83,8.01,225,1,02-06-2019
LN000721,C0286,Education,396923.76,174892.5,,20,N,10-09-2023
LN000722,C0062,Home,5122982.68,3315116.33,7.79,155,N,2021-10-27
LN000723,C0309,Personal,331721.91,92590.86,10.99,26,N,2021-06-28
LN000724,C0484,Auto,1334639.11,1095995.77,,41,FALSE,2022-04-11
LN000725,C0764,Education,1099793.51,285295.66,10.99,43,No,2019/11/03
LN000726,C0878,Auto,1227390.69,190130.38,11.61,81,false,13-02-2023
LN000727,C0530,Home,3774020.88,2391813.34,7.06,215,1,2021/04/06
LN000728,C0199,Personal,370951.93,137661.6,14.69,38,N,22-01-2021
LN000729,C0051,Education,1663096.41,1404135.02,8.27,30,false,2021/06/14
LN000730,C0465,Education,123102.03,59834.58,,43,N,2019-12-02
LN000731,C0320,Home,3156570.35,3807497.48,9.92,188,0,21-08-2023
LN000732,C0355,Home,8782849.5,1466995.63,9.36,167,FALSE,2021-04-01
LN000733,C0465,Education,1312023.62,487852.67,9.84,41,No,2021/09/11
LN000734,C0005,Education,796513.1,133141.76,9.3,48,false,2023-05-01
LN000735,C0831,Education,1326864.84,270719.43,8.45,51,false,08-11-2019
LN000736,C0275,Auto,1740312.35,184540.33,11.97,83,0,25-05-2023
LN000737,C0386,Home,9582130.34,9904535.07,,157,0,2020-02-15
LN000738,C0604,Home,7085651.55,207922.99,7.39,184,No,20-04-2020
LN000739,C0475,Home,3339068.36,1340932.51,7.73,134,N,2023/06/23
LN000740,C0353,Personal,148018.3,172818.74,13.68,28,Y,2020-12-01
LN000741,C0457,Auto,472147.53,29847.19,10.26,50,Y,2019/07/23
LN000742,C0338,Personal,312694.41,185793.5,10.3,35,No,2022/04/04
LN000743,C0383,Personal,425306.78,262826.8,10.7,37,No,2021/09/08
LN000744,C0968,Personal,490199.57,315407.11,11.21,41,Yes,2019/08/14
LN000745,C0998,Auto,435257.41,265059.96,11.61,51,N,07-05-2022
LN000746,C0026,Education,1599001.41,1959762.12,,27,false,08-10-2020
LN000747,C0163,Personal,466893.05,139333.04,11.27,52,N,2019/12/17
LN000748,C0988,Home,5829943.62,4336352.22,8.51,214,false,12-05-2019
LN000749,C0474,Home,4967859.03,2260445.91,9.71,131,0,17-09-2021
LN000750,C0953,Education,1633724.09,1769173.58,9.94,53,N,2022/09/16
LN000751,C0527,Auto,993758.09,184495.32,10.48,40,0,2019-07-16
LN000752,C0173,Home,8423212.28,591403.12,8.5,229,No,2021-02-04
LN000753,C0175,Education,1432128.74,494687.22,9.5,41,FALSE,19-01-2019
LN000754,C0402,Personal,124473.78,36364.29,12.78,19,FALSE,01-05-2020
LN000755,C0136,Home,2629229.26,1547143.55,9.22,206,0,12-04-2021
LN000756,C0594,Education,1113653.88,1270500.53,10.29,12,Y,01-09-2021
LN000757,C0131,Home,7658446.67,2667582.61,9.46,220,N,03-09-2020
LN000758,C0455,Education,685523.68,304991.5,10.22,26,No,2019/04/01
LN000759,C0816,Education,1105783,77380.08,8.97,33,Yes,2020-10-27
LN000760,C0923,Auto,888382.27,390128.56,9.56,50,Y,01-11-2020
LN000761,C0385,Home,5212494.16,762131.79,8.42,237,N,21-06-2023
LN000762,C0407,Home,6985111.32,5244164.92,8.81,122,N,2021/11/25
LN000763,C0510,Personal,465688.24,595581.01,15.31,42,No,02-09-2019
LN000764,C0159,Auto,1404980.62,1497850.8,9.35,48,N,12-07-2021
LN000765,C0644,Auto,1659737.65,761569.43,9.23,46,Y,2021/12/05
LN000766,C0929,Home,2132226.98,964223.86,7.3,120,N,2023-03-23
LN000767,C0782,Home,9251854.93,6488935.34,9.11,145,0,2019/04/20
LN000768,C0934,Education,1986151.47,1686317.19,11.4,43,FALSE,23-01-2020
LN000769,C0915,Auto,726846.7,188423.68,11.84,68,0,2022-12-07
LN000770,C0771,Education,2056295.23,2591279.56,9.79,56,N,2023/09/02
LN000771,C0509,Personal,171868.43,35662.5,12.37,14,No,2022/03/05
LN000772,C0389,Personal,451293.35,193607.09,15.45,36,0,06-10-2020
LN000773,C0205,Education,1361605.5,1362110.14,,48,false,17-02-2021
LN000774,C0728,Auto,1049894.18,1325774.54,,44,FALSE,18-05-2019
LN000775,C0202,Auto,1465697.37,157714.4,10.19,54,FALSE,14-04-2023
LN000776,C0644,Auto,553521.93,424923.91,10.86,38,0,23-09-2020
LN000777,C0739,Education,938852.87,322165.68,8.22,25,N,02-12-2020
LN000778,C0044,Education,966540.1,230964.16,8.12,15,N,2023-07-28
LN000779,C0372,Home,7799755.28,4697437.26,9.89,189,0,2021/09/10
LN000780,C0134,Personal,443248.6,357874.19,13.25,35,false,22-01-2019
LN000781,C0576,Personal,459935.33,246173.55,10.12,18,1,23-05-2022
LN000782,C0365,Home,3084311.67,3292151.24,9.72,193,false,2022-12-07
LN000783,C0439,Personal,264029.29,51487.72,14.51,41,FALSE,2019-01-16
LN000784,C0972,Home,5564202.04,2219222.49,8.48,177,FALSE,07-05-2019
LN000785,C0902,Personal,446629.86,32861.44,12.94,21,0,2021-04-08
LN000786,C0328,Education,1743651.58,1855610.61,9.79,19,false,23-04-2022
LN000787,C0545,Auto,1482213.79,1559699.94,8.36,74,N,2019-03-01
LN000788,C0360,Personal,544114.4,422417.5,13.31,48,FALSE,2020-02-19
LN000789,C0517,Personal,126606.23,95097.81,15.53,31,N,18-06-2021
LN000790,C0091,Home,4846040.06,1232095.32,8.74,121,No,2020-11-16
LN000791,C0898,Home,6924275.5,2980861.96,9.02,148,FALSE,07-11-2020
LN000792,C0273,Personal,216723.98,72787.2,15.61,19,0,2019/03/25
LN000793,C0602,Auto,342977.86,179559.72,10.11,65,FALSE,2021-05-15
LN000794,C0772,Education,138845.35,117888.42,8.68,50,FALSE,2023-08-01
LN000795,C0352,Home,2122163.31,713671.8,8.61,193,No,09-01-2020
LN000796,C0767,Auto,353259.52,257467.06,,59,Yes,03-10-2020
LN000797,C0783,Personal,305657.87,80828.44,12.16,49,0,2021/03/07
LN000798,C0001,Personal,351967.68,23594.25,,42,FALSE,2023-02-05
LN000799,C0899,Personal,438942.28,190860.52,,16,FALSE,2023-04-28
LN000800,C0858,Home,5955557.91,3105629.05,9.26,148,0,2019-08-08
LN000801,C0609,Personal,310759.9,211169.5,10.06,12,No,2020-09-07
LN000802,C0352,Education,1235461.38,552923.75,8.34,41,false,2023/11/27
LN000803,C0352,Home,4170562.21,1487253.22,,177,TRUE,2021/02/13
LN000804,C0756,Auto,1653371.94,1107082.22,10.54,67,Y,2023-08-05
LN000805,C0709,Auto,1418963.38,551320.61,10.21,54,Y,2021/10/17
LN000806,C0573,Education,1929279.22,2056273.72,11.65,52,false,2021-03-28
LN000807,C0959,Personal,52575.44,16380.16,10.28,19,0,2021-03-08
LN000808,C0058,Auto,439706.19,19614.89,10.24,51,No,01-09-2020
LN000809,C0633,Education,864353.61,755726.51,,14,0,2023/12/04
LN000810,C0764,Personal,150695.6,128446.75,15,21,No,2022-10-25
LN000811,C0673,Personal,542073.32,315547.88,14.02,23,FALSE,26-11-2019
LN000812,C0738,Home,7697240.76,2903275.24,8.14,235,No,2020/07/01
LN000813,C0143,Personal,118761.16,22953.04,12.47,32,false,2021-02-04
LN000814,C0777,Auto,1500686.08,90185.22,10.17,70,0,2022/12/05
LN000815,C0611,Home,6165090.17,5111957.84,,127,N,2023/06/25
LN000816,C0255,Education,566711.29,47920.66,9.07,14,N,19-02-2022
LN000817,C0649,Personal,336808.31,152473.94,13.52,26,FALSE,2022-06-07
LN000818,C0375,Auto,1001693.15,38193.37,11.61,62,TRUE,2023/05/18
LN000819,C0348,Home,8820746.03,2462496.22,8.35,148,N,2021-04-12
LN000820,C0655,Auto,868802.53,179442.36,11.04,74,false,02-09-2020
LN000821,C0353,Auto,885205.09,794181.07,10.45,54,false,2021-02-14
LN000822,C0376,Home,5623242.31,4389552.05,,182,0,2019-09-16
LN000823,C0278,Personal,184515.42,13868.9,15.06,57,N,02-11-2019
LN000824,C0799,Education,1541093.89,342237.98,9.23,41,false,2022/02/15
LN000825,C0398,Home,5906313.99,3165213.31,7.15,156,No,2019/06/13
LN000826,C0739,Home,4851864.06,2142173.7,7.02,215,No,2021-07-14
LN000827,C0281,Auto,751082.25,338862.14,9.71,74,0,07-12-2020
LN000828,C0875,Personal,71213.48,21615.78,13.64,53,N,2022-05-09
LN000829,C0830,Auto,1121263.98,178923.48,,54,N,2020/08/28
LN000830,C0606,Education,838738.63,705268.83,9.12,13,false,2023/09/22
LN000831,C0130,Education,927023.03,116986.77,,34,1,2019/08/06
LN000832,C0311,Personal,383426.83,227006.56,11.01,28,No,25-12-2023
LN000833,C0502,Auto,601682.28,97928.15,11.89,70,No,2020-01-24
LN000834,C0604,Personal,215266.12,72877.77,,34,false,2022-10-16
LN000835,C0342,Education,445138.97,319953.23,11.33,30,0,2020-01-24
LN000836,C0577,Education,1912695.21,1521061.12,9.08,24,0,17-05-2020
LN000837,C0755,Home,3146382.61,261546.71,9.96,185,0,2022-09-05
LN000838,C0542,Home,7533607.93,3068878.48,,130,N,2020-11-24
LN000839,C0679,Education,1023338.42,1280319.51,11.09,18,Yes,2021/04/03
LN000840,C0282,Auto,1261234.06,919440.69,8.11,61,FALSE,2022/11/02
LN000841,C0644,Home,3323411.84,1503339.62,8.02,175,No,2021-06-07
LN000842,C0492,Home,2773666.3,1970004.61,9.89,220,No,2019-11-24
LN000843,C0899,Home,2122108.09,1742889.43,8.09,137,false,2020/01/02
LN000844,C0880,Education,314031.12,191482.52,11.74,58,Yes,16-10-2021
LN000845,C0138,Personal,355404.49,181276.02,11.88,36,FALSE,2022/04/20
LN000846,C0500,Education,958395.21,847311.59,9.02,57,No,2021-05-18
LN000847,C0257,Auto,1399605.27,1557070.06,11.8,69,true,09-04-2021
LN000848,C0769,Auto,1120080.41,511409.93,10.08,70,0,2021-11-05
LN000849,C0127,Auto,1363888.2,1042725.38,8.85,52,false,02-06-2022
LN000850,C0240,Education,1004753.23,499635.44,9.98,39,No,17-08-2019
LN000851,C0593,Home,9816987.23,7034713.3,9.7,125,N,2023/12/17
LN000852,C0726,Personal,59446.8,9172.47,10.89,55,false,2022-09-25
LN000853,C0156,Education,899100.86,648343.23,10.01,22,Y,2019-05-22
LN000854,C0117,Education,260643.95,77209.35,9.03,56,0,2022/07/26
LN000855,C0196,Education,1809279.24,1547830.78,10.17,50,true,2022-08-04
LN000856,C0835,Home,6440906.52,471694.5,9.81,130,No,04-10-2019
LN000857,C0198,Personal,152057.55,169875.86,14.72,29,0,2020-09-21
LN000858,C0021,Home,3053476.67,497677.66,7.43,123,No,2023-11-06
LN000859,C0304,Home,5780948.71,862007.09,7.06,199,false,2023/11/12
LN000860,C0911,Auto,1352175.24,1381991.1,10.72,74,No,2021/02/01
LN000861,C0671,Auto,508268.17,202783.33,10.13,81,Yes,17-03-2023
LN000862,C0137,Personal,529943.12,320272.38,10.69,26,No,2019/12/12
LN000863,C0348,Home,7143380.3,3544594.3,7.49,196,FALSE,16-08-2023
LN000864,C0003,Auto,1716708.34,516681.22,9.47,55,false,09-11-2020
LN000865,C0567,Home,9458340.77,2978632.11,,191,N,06-11-2020
LN000866,C0364,Personal,371866.63,161945.51,15,47,0,20-06-2023
LN000867,C0180,Auto,1557684.92,686262.76,10.8,60,FALSE,28-05-2019
LN000868,C0076,Auto,1098556.16,155171.22,,51,Yes,08-07-2020
LN000869,C0437,Education,857887.94,577932.1,8.87,38,N,2022-03-24
LN000870,C0598,Education,1854443.3,415804.83,11.32,40,N,2023/01/03
LN000871,C0608,Personal,152506.07,5582.04,11.28,46,No,2021-07-12
LN000872,C0977,Personal,187676.4,73929.97,10.73,26,false,2019/05/24
LN000873,C0013,Auto,1766022.98,2246342.12,,51,0,2020/12/06
LN000874,C0028,Home,3599091.41,733468.83,7.86,208,0,05-06-2020
LN000875,C0827,Personal,350389.84,53496.43,10.47,34,0,25-06-2019
LN000876,C0228,Auto,1798455.89,1342007.22,9.36,73,FALSE,2021-07-06
LN000877,C0497,Home,5130180.77,3149176.65,,179,FALSE,2019/10/20
LN000878,C0775,Personal,88095.11,23921.02,15.92,31,No,2022-02-06
LN000879,C0207,Personal,322224.35,76675.69,14.02,59,Y,16-08-2023
LN000880,C0135,Education,1681376.8,1936676.93,8.29,21,FALSE,2020/08/24
LN000881,C0065,Personal,353730.29,228617.32,13.13,58,false,13-02-2021
LN000882,C0893,Auto,897819.11,484282.73,9.75,50,1,2022/12/23
LN000883,C0714,Auto,714238.05,613492.69,11.8,73,N,24-03-2021
LN000884,C0042,Auto,1380335.28,774501.36,9.19,50,No,2022/10/17
LN000885,C0473,Personal,372964.92,286681.11,10.2,59,false,01-05-2019
LN000886,C0410,Home,6341015.01,4724695.69,9.55,201,N,2021-02-22
LN000887,C0260,Education,938191.31,260325.33,10.09,17,FALSE,17-04-2020
LN000888,C0396,Education,1145031.42,316606.31,11.19,30,false,27-09-2023
LN000889,C0508,Auto,559597.52,607071.78,9.79,38,Yes,01-05-2020
LN000890,C0965,Education,1694203.31,1867418.04,10.61,39,Yes,2021-04-28
LN000891,C0519,Personal,176898.39,105850.84,13.4,20,false,2019/02/14
LN000892,C0008,Personal,535015.26,209009.24,,40,0,2020/12/09
LN000893,C0885,Home,3105132.45,767430.5,7.26,142,false,17-08-2022
LN000894,C0808,Personal,339210.68,153976.5,14.18,24,No,05-12-2022
LN000895,C0689,Auto,1605984.49,25185.68,10,76,Yes,2020/07/14
LN000896,C0953,Personal,194583.7,240693.91,11.4,47,N,2023/08/25
LN000897,C0382,Personal,436642.13,198633.69,13.02,39,0,2022-02-13
LN000898,C0003,Auto,1337308.36,741414.51,9.41,51,FALSE,2019-02-12
LN000899,C0601,Home,4677040.82,41707.4,9.09,222,N,2023/12/25
LN000900,C0420,Auto,687377.23,234664.8,10.8,44,FALSE,2023-07-08
LN000901,C0897,Auto,558246.7,254301.44,10.24,63,No,2023/10/12
LN000902,C0122,Home,9670099.44,10922629.48,7.71,131,0,2021/01/22
LN000903,C0756,Education,1990025.8,1710619.73,11.21,17,FALSE,17-04-2021
LN000904,C0469,Auto,549672.86,168351.19,11.64,76,No,2020/09/09
LN000905,C0278,Auto,561912.44,3101.17,11.15,58,No,25-04-2021
LN000906,C0929,Personal,313877.04,99635.31,15.87,47,false,16-01-2021
LN000907,C0267,Education,795336.65,220864.52,,29,0,2020/05/18
LN000908,C0870,Home,3925481.63,2050545.99,7.52,156,Yes,2021/12/22
LN000909,C0459,Home,8734066.04,88784.38,,224,0,2020/03/17
LN000910,C0218,Education,1378177.41,1167219.7,,41,N,17-06-2023
LN000911,C0527,Auto,1743349.54,1482327.38,9.69,70,Y,27-01-2020
LN000912,C0620,Auto,818407.88,236999.14,11.39,64,FALSE,16-05-2022
LN000913,C0663,Education,1589964.33,420026.31,,14,FALSE,2023-12-05
LN000914,C0481,Auto,1491074.26,691806.27,,82,No,02-07-2023
LN000915,C0915,Home,5488028.96,4487099.87,8.96,197,No,2020-04-05
LN000916,C0664,Home,6381570.29,5593313.76,7.27,155,0,25-08-2019
LN000917,C0631,Home,2394869.42,64310.52,9.47,159,0,2022-02-09
LN000918,C0360,Personal,142803.8,177638.68,11.01,46,Y,2020-09-04
LN000919,C0607,Home,8065708.87,5705488.64,9.06,130,0,2019/06/06
LN000920,C0773,Auto,1295006.88,544207,9.43,48,N,2023/07/03
LN000921,C0124,Education,833969.95,321333.3,8.73,55,Y,16-10-2019
LN000922,C0274,Education,1083668.75,432949.06,8.55,31,0,2023-10-22
LN000923,C0021,Personal,50574.71,41087.18,15.61,52,N,09-09-2022
LN000924,C0031,Home,7929253.53,4091792.91,,143,Y,2020/02/23
LN000925,C0096,Education,2085526.64,30587.77,10.05,55,No,2020/10/13
LN000926,C0664,Personal,453222.91,321981.56,10.52,20,TRUE,2023-09-23
LN000927,C0406,Education,1268472.48,398323.92,9.52,59,false,25-10-2019
LN000928,C0840,Home,8689369.2,10180245.26,7.76,213,0,18-10-2020
LN000929,C0283,Education,604909.29,137367.61,9.95,49,N,04-04-2020
LN000930,C0154,Personal,382976.91,270922.48,10.81,16,Y,08-05-2022
LN000931,C0051,Auto,1453416.27,984876.29,10.99,40,No,2022/08/04
LN000932,C0770,Home,7684534.79,9961015.69,7.25,151,0,01-06-2020
LN000933,C0942,Home,9545571.44,3988478.57,,166,false,2022-03-11
LN000934,C0952,Auto,663933.78,210620.09,,43,N,13-12-2022
LN000935,C0681,Home,7270123.57,1560541.97,9.96,211,FALSE,2021/07/08
LN000936,C0888,Personal,61980.52,35183.06,15.69,36,false,20-02-2023
LN000937,C0671,Auto,1018290.27,320364.22,,63,TRUE,2021/12/13
LN000938,C0604,Personal,504353.85,161883.71,11.3,21,0,20-08-2021
LN000939,C0348,Education,855870.35,29447.81,,52,0,2019/10/13
LN000940,C0449,Home,7976834.79,1615806.91,9.49,137,false,2022-01-13
LN000941,C0293,Home,7886404.34,8304698.26,9.22,226,FALSE,2019-06-16
LN000942,C0012,Personal,114279.9,126391.87,15.8,42,No,2020-08-05
LN000943,C0666,Personal,319241.88,280925.63,15.61,14,false,2019/12/04
LN000944,C0436,Education,1760478.57,1375850,10.12,34,N,2021-09-23
LN000945,C0520,Home,4906852.46,3187323.94,9.7,197,false,10-03-2020
LN000946,C0229,Home,3489652.96,1909556.32,7.88,150,false,2020/01/25
LN000947,C0647,Personal,72309.99,9986.13,14.9,23,0,2022-04-02
LN000948,C0369,Education,475537.73,38628.82,10.47,45,FALSE,2023-05-14
LN000949,C0472,Personal,240538.34,249731.45,14.38,46,FALSE,2022/11/14
LN000950,C0413,Personal,51927.17,26471.97,14.98,55,No,15-07-2020
LN000951,C0602,Auto,338183.91,389726.51,8.11,45,No,19-03-2021
LN000952,C0161,Education,847082.3,229048.4,11.69,57,FALSE,13-04-2022
LN000953,C0727,Education,1645161.33,330901.02,11.78,59,false,02-11-2019
LN000954,C0330,Personal,250588.4,11113.86,13.2,51,N,10-08-2021
LN000955,C0407,Auto,1735189.25,1838733.05,,47,FALSE,24-07-2023
LN000956,C0687,Education,681954.47,373786.13,9.55,43,FALSE,2022-05-06
LN000957,C0792,Home,4806888.33,1458754.04,8.5,141,FALSE,2021-11-13
LN000958,C0789,Personal,485530.81,97898.13,12.13,51,FALSE,2021-10-10
LN000959,C0620,Personal,514674.29,124476.33,12.19,57,FALSE,02-02-2021
LN000960,C0509,Auto,572345.02,294200.57,8.32,44,0,2019-04-15
LN000961,C0698,Auto,1091047.48,459642.38,8.49,60,false,2019-04-02
LN000962,C0816,Education,1351942.58,1516464.39,8.38,47,1,2021/05/23
LN000963,C0171,Auto,703971.52,587002.34,10.74,69,0,2021/04/06
LN000964,C0614,Education,1045219.92,1078394.9,9.62,45,N,10-07-2019
LN000965,C0292,Education,1911535.42,2271002.22,9.06,31,FALSE,14-09-2019
LN000966,C0726,Education,716638.79,143224.88,,57,No,17-07-2023
LN000967,C0519,Education,509369.32,299720,8.21,59,false,2021/12/08
LN000968,C0124,Personal,379038.98,125792.06,11.5,32,false,20-10-2021
LN000969,C0569,Personal,136034.29,24316.12,15.99,48,1,15-09-2021
LN000970,C0544,Auto,976066.49,354781.81,11.19,57,No,2022-03-11
LN000971,C0162,Personal,363774.32,248428.62,,21,FALSE,01-09-2023
LN000972,C0796,Education,1171550.68,792413.39,11.44,19,No,2020-09-24
LN000973,C0579,Auto,602609.91,144120.67,10.12,62,FALSE,2020/02/05
LN000974,C0434,Auto,906498.85,183735.55,8.91,68,FALSE,2022/10/15
LN000975,C0545,Home,4904500.49,4057698.27,8.13,211,false,2021/01/07
LN000976,C0337,Education,801375.62,63345.37,10.93,39,1,2021/01/02
LN000977,C0143,Home,4734495.62,228034.74,,139,N,2023/08/04
LN000978,C0342,Home,4735200.15,3656117.08,8.07,196,0,19-11-2023
LN000979,C0852,Auto,1792040.25,1313114.64,11.43,72,N,2019/06/13
LN000980,C0357,Home,2469404.7,1594508.44,8.55,232,No,22-08-2020
LN000981,C0024,Personal,463233.43,100993.47,11.09,25,No,2020-07-23
LN000982,C0657,Home,9155199.36,8109162.65,9.73,123,1,2019-09-20
LN000983,C0833,Personal,133675.9,6112.15,,28,1,20-10-2021
LN000984,C0609,Education,2061700.86,496604.73,10.59,32,FALSE,2020-10-14
LN000985,C0774,Education,106066.6,42823.49,11.79,56,FALSE,19-04-2022
LN000986,C0759,Education,731480.13,447051.98,10.64,30,FALSE,2019-03-03
LN000987,C0636,Auto,530357.8,301845.99,9.85,80,0,18-10-2021
LN000988,C0852,Auto,980133.95,608999.8,8.57,50,N,14-05-2019
LN000989,C0162,Personal,474869.08,535310.54,13.88,59,FALSE,2022-08-06
LN000990,C0382,Auto,1376275.57,304344.74,9.42,47,false,2022-06-08
LN000991,C0553,Home,5498518.32,197452.65,,192,false,2021-01-22
LN000992,C0418,Auto,725970.82,116083.37,,59,0,2021-06-16
LN000993,C0843,Home,7631632.05,6665907.56,,123,1,2023/05/28
LN000994,C0297,Auto,1169223.82,58421.56,10.87,65,N,2019/02/19
LN000995,C0591,Personal,520116.21,29281,11.31,23,false,2020-10-12
LN000996,C0692,Education,2019067.23,1389481.64,,26,1,11-08-2019
LN000997,C0402,Education,914127.91,49820.35,9.61,37,1,2023/01/24
LN000998,C0202,Auto,1331945.99,969236.67,8.3,45,FALSE,2019/07/23
LN000999,C0201,Home,6355621.59,4730981.59,7.89,149,No,15-04-2023
LN001000,C0242,Home,3876416.64,1955090.74,8.4,167,No,15-09-2021
