txn_id,account_id,txn_timestamp,txn_type,channel,amount,currency,txn_status
TXN00000001,ACC000085,2023-11-05T08:27:27.000Z,Withdrawal,ATM,14508.61,INR,Success
TXN00000002,ACC000076,2023-02-03T03:11:50.000Z,Debit,POS,0,INR,Success
TXN00000003,ACC000014,2023-03-06T23:03:26.000Z,Credit,UPI,68975.71,INR,Success
TXN00000004,ACC000011,2026-02-23T03:33:21.349Z,Transfer,POS,0,INR,Success
TXN00000005,ACC000088,2023-09-22T06:58:47.000Z,Deposit,POS,49954.21,INR,Success
TXN00000006,ACC000081,2023-07-13T08:13:47.000Z,Deposit,Mobile,93438.05,INR,Success
TXN00000007,ACC000096,2026-03-02T03:33:21.349Z,Credit,POS,25431.62,INR,Success
TXN00000008,ACC000049,2023-02-01T14:48:33.000Z,Transfer,Mobile,80206.57,INR,Success
TXN00000009,ACC000068,2023-06-11T03:23:33.000Z,Debit,ATM,6777.04,INR,Success
TXN00000010,ACC000074,2023-07-10T01:14:46.000Z,Credit,UPI,57387.42,INR,Success
TXN00000011,ACC000020,2026-02-07T03:33:21.349Z,Debit,POS,85955.98,INR,Success
TXN00000012,ACC000012,2023-07-11T12:30:56.000Z,Debit,POS,0,GBP,Success
TXN00000013,ACC000009,2026-02-03T03:33:21.349Z,Deposit,Net Banking,77379.09,USD,Success
TXN00000014,ACC000065,2023-12-26T20:10:54.000Z,Transfer,ATM,3791.91,INR,Success
TXN00000015,ACC000099,2023-11-20T10:18:31.000Z,Debit,Branch,9807.72,INR,Success
TXN00000016,ACC000005,2023-01-01T20:27:13.000Z,Debit,Mobile,56470.26,GBP,Success
TXN00000017,ACC000095,2023-06-11T09:28:23.000Z,Deposit,Net Banking,25408.69,EUR,Success
TXN00000018,ACC000073,2023-10-01T07:13:59.000Z,Withdrawal,UPI,46576.37,EUR,Success
TXN00000019,ACC000050,2023-02-28T12:43:34.000Z,Credit,UPI,3165.79,INR,Success
TXN00000020,ACC000043,2023-02-11T18:23:54.000Z,Withdrawal,Mobile,69951.89,INR,Success
TXN00000021,ACC000076,2023-03-13T21:40:32.000Z,Debit,Net Banking,63268.22,INR,Success
TXN00000022,ACC000061,2023-06-18T16:21:16.000Z,Credit,POS,42787.79,INR,Success
TXN00000023,ACC000068,2023-09-20T02:25:09.000Z,Debit,Branch,29601.91,INR,Success
TXN00000024,ACC000072,2023-12-22T18:41:16.000Z,Debit,POS,0,INR,Failed
TXN00000025,ACC000020,2023-03-16T02:40:36.000Z,Deposit,Net Banking,96702.49,INR,Success
TXN00000026,ACC000036,2023-05-12T22:00:33.000Z,Transfer,POS,7860.98,USD,Success
TXN00000027,ACC000012,2023-02-27T03:35:34.000Z,Credit,UPI,72004.25,INR,Success
TXN00000028,ACC000010,2023-05-20T10:10:57.000Z,Deposit,POS,45955.14,INR,Success
TXN00000029,ACC000098,2023-12-06T03:42:59.000Z,Credit,Mobile,0,INR,Success
TXN00000030,ACC000071,2026-02-14T03:33:21.349Z,Transfer,POS,45355.37,INR,Success
TXN00000031,ACC000030,2023-10-03T07:26:04.000Z,Credit,ATM,84806.53,INR,Reversed
TXN00000032,ACC000039,2023-10-14T20:55:08.000Z,Transfer,POS,99439.22,INR,Failed
TXN00000033,ACC000033,2023-06-06T10:29:23.000Z,Transfer,Mobile,40329.29,INR,Success
TXN00000034,ACC000002,2023-01-12T23:12:33.000Z,Transfer,Mobile,84087.98,INR,Success
TXN00000035,ACC000088,2023-05-01T15:56:00.000Z,Debit,UPI,99939.63,INR,Success
TXN00000036,ACC000055,2023-11-22T21:38:05.000Z,Withdrawal,Net Banking,53639.35,INR,Success
TXN00000037,ACC000048,2023-01-27T18:40:53.000Z,Deposit,Mobile,7626.17,INR,Success
TXN00000038,ACC000062,2023-02-20T03:58:02.000Z,Credit,Mobile,33125.92,USD,Success
TXN00000039,ACC000077,2023-05-16T04:52:50.000Z,Transfer,UPI,87085.51,INR,Reversed
TXN00000040,ACC000095,2023-12-05T09:18:05.000Z,Transfer,Branch,79963.22,INR,Failed
TXN00000041,ACC000059,2023-11-24T13:52:38.000Z,Credit,Branch,42971.94,INR,Failed
TXN00000042,ACC000081,2023-01-17T14:09:36.000Z,Debit,Branch,896.05,INR,Success
TXN00000043,ACC000035,2023-12-24T00:20:22.000Z,Debit,Net Banking,92968.5,INR,Success
TXN00000044,ACC000069,2023-11-27T12:35:12.000Z,Debit,Mobile,49973.26,EUR,Reversed
TXN00000045,ACC000042,2023-01-09T23:03:19.000Z,Withdrawal,Branch,44812.89,INR,Success
TXN00000046,ACC000074,2023-04-27T19:12:53.000Z,Withdrawal,ATM,18526.56,INR,Failed
TXN00000047,ACC000015,2023-12-26T00:29:41.000Z,Deposit,POS,0,INR,Success
TXN00000048,ACC000063,2023-03-01T05:35:43.000Z,Deposit,Branch,55281.15,INR,Reversed
TXN00000049,ACC000015,2023-01-14T16:33:54.000Z,Credit,Branch,0,INR,Success
TXN00000050,ACC000071,2026-02-18T03:33:21.349Z,Deposit,Mobile,77557.74,INR,Success
TXN00000051,ACC000063,2023-07-01T06:37:54.000Z,Deposit,Net Banking,96231.52,INR,Success
TXN00000052,ACC000069,2023-04-11T22:06:52.000Z,Credit,ATM,77610.25,INR,Pending
TXN00000053,ACC000061,2023-05-22T03:54:30.000Z,Withdrawal,UPI,77072.96,INR,Success
TXN00000054,ACC000023,2023-02-15T12:56:07.000Z,Credit,Mobile,84413.98,INR,Reversed
TXN00000055,ACC000080,2023-06-10T21:26:46.000Z,Credit,Branch,2901.54,INR,Success
TXN00000056,ACC000056,2023-11-03T08:34:51.000Z,Deposit,Mobile,72734.24,INR,Failed
TXN00000057,ACC000087,2023-06-25T12:08:41.000Z,Debit,Branch,14431,INR,Success
TXN00000058,ACC000082,2023-10-19T01:08:35.000Z,Deposit,UPI,0,INR,Success
TXN00000059,ACC000033,2023-08-24T06:27:09.000Z,Withdrawal,POS,45917.46,INR,Success
TXN00000060,ACC000011,2023-10-08T05:28:03.000Z,Debit,ATM,94487.33,INR,Success
TXN00000061,ACC000035,2023-06-04T04:37:39.000Z,Withdrawal,ATM,97816.61,INR,Success
TXN00000062,ACC000099,2023-06-13T23:43:52.000Z,Debit,UPI,14781.63,INR,Success
TXN00000063,ACC000098,2026-02-08T03:33:21.349Z,Deposit,UPI,38134.97,INR,Success
TXN00000064,ACC000005,2023-09-21T04:11:01.000Z,Debit,Branch,10068.32,INR,Success
TXN00000065,ACC000100,2023-06-08T12:34:25.000Z,Debit,ATM,6722.88,INR,Success
TXN00000066,ACC000052,2023-12-12T16:10:19.000Z,Credit,Net Banking,82962.79,INR,Success
TXN00000067,ACC000092,2023-02-10T21:11:03.000Z,Credit,ATM,37838.57,INR,Success
TXN00000068,ACC000024,2026-02-03T03:33:21.349Z,Withdrawal,POS,60370.8,GBP,Success
TXN00000069,ACC000084,2023-07-12T18:26:13.000Z,Credit,Net Banking,65524.99,INR,Success
TXN00000070,ACC000070,2023-10-26T16:52:13.000Z,Credit,Net Banking,86307.09,INR,Success
TXN00000071,ACC000079,2026-02-20T03:33:21.349Z,Deposit,Branch,11574.62,EUR,Success
TXN00000072,ACC000029,2023-01-27T09:09:40.000Z,Deposit,Branch,38543.85,INR,Success
TXN00000073,ACC000015,2023-05-07T12:36:03.000Z,Deposit,ATM,228.39,INR,Success
TXN00000074,ACC000062,2023-01-20T04:44:12.000Z,Withdrawal,Net Banking,14939.16,INR,Success
TXN00000075,ACC000023,2023-02-10T03:50:29.000Z,Transfer,Mobile,45969.52,INR,Success
TXN00000076,ACC000055,2023-06-03T00:53:48.000Z,Withdrawal,Mobile,0,INR,Success
TXN00000077,ACC000047,2023-10-28T23:45:59.000Z,Credit,Branch,52550.84,INR,Success
TXN00000078,ACC000096,2023-02-05T18:29:01.000Z,Credit,Mobile,67715.21,INR,Success
TXN00000079,ACC000024,2023-11-03T01:17:26.000Z,Debit,Mobile,14037.72,INR,Success
TXN00000080,ACC000046,2023-09-04T07:25:01.000Z,Deposit,Net Banking,74028.62,GBP,Success
TXN00000081,ACC000039,2023-06-05T10:08:04.000Z,Deposit,UPI,26063.85,INR,Success
TXN00000082,ACC000079,2023-10-20T21:19:35.000Z,Withdrawal,POS,80330.51,INR,Success
TXN00000083,ACC000059,2023-12-06T00:44:27.000Z,Debit,UPI,38759.68,INR,Success
TXN00000084,ACC000013,2023-05-20T08:21:05.000Z,Debit,Net Banking,0,INR,Success
TXN00000085,ACC000041,2023-10-12T06:01:14.000Z,Withdrawal,POS,76990.64,INR,Success
TXN00000086,ACC000062,2023-10-14T06:07:09.000Z,Withdrawal,Branch,47822.58,INR,Success
TXN00000087,ACC000005,2023-09-07T20:47:49.000Z,Deposit,POS,40809.3,INR,Success
TXN00000088,ACC000048,2023-10-24T17:01:50.000Z,Credit,UPI,0,INR,Success
TXN00000089,ACC000059,2026-02-25T03:33:21.349Z,Withdrawal,Net Banking,58806.12,INR,Pending
TXN00000090,ACC000072,2023-03-19T07:17:38.000Z,Withdrawal,Mobile,46891.37,INR,Success
TXN00000051,ACC000063,2023-07-01T06:37:54.000Z,Deposit,Net Banking,96231.52,INR,Success
TXN00000013,ACC000009,2026-02-03T03:33:21.349Z,Deposit,Net Banking,77379.09,USD,Success
TXN00000026,ACC000036,2023-05-12T22:00:33.000Z,Transfer,POS,7860.98,USD,Success
TXN00000048,ACC000063,2023-03-01T05:35:43.000Z,Deposit,Branch,55281.15,INR,Reversed
TXN00000031,ACC000030,2023-10-03T07:26:04.000Z,Credit,ATM,84806.53,INR,Reversed
TXN00000003,ACC000014,2023-03-06T23:03:26.000Z,Credit,UPI,68975.71,INR,Success
TXN00000068,ACC000024,2026-02-03T03:33:21.349Z,Withdrawal,POS,60370.8,GBP,Success
TXN00000068,ACC000024,2026-02-03T03:33:21.349Z,Withdrawal,POS,60370.8,GBP,Success
TXN00000026,ACC000036,2023-05-12T22:00:33.000Z,Transfer,POS,7860.98,USD,Success
TXN00000089,ACC000059,2026-02-25T03:33:21.349Z,Withdrawal,Net Banking,58806.12,INR,Pending
TXN00000101,ACC000995,2023-10-03T11:38:28.000Z,Debit,Net Banking,0,INR,Success
TXN00000102,ACC000094,2023-09-26T22:38:10.000Z,Deposit,Net Banking,0,INR,Success
TXN00000103,ACC000236,2026-02-17T03:36:04.483Z,Withdrawal,UPI,47152.35,INR,Success
TXN00000104,ACC000405,2023-05-07T06:24:33.000Z,Transfer,POS,51542.17,INR,Success
TXN00000105,ACC000965,2023-04-07T16:05:37.000Z,Debit,Branch,88762.03,INR,Reversed
TXN00000106,ACC000593,2023-12-26T07:03:12.000Z,Deposit,POS,93448.2,INR,Success
TXN00000107,ACC000656,2023-05-27T15:39:06.000Z,Deposit,POS,43732.36,INR,Failed
TXN00000108,ACC000596,2023-09-10T01:15:34.000Z,Deposit,ATM,99614.6,INR,Success
TXN00000109,ACC000185,2023-05-17T03:06:00.000Z,Credit,UPI,78779.05,INR,Failed
TXN00000110,ACC000527,2023-06-01T18:22:07.000Z,Debit,POS,86877.18,INR,Failed
TXN00000111,ACC000714,2026-02-15T03:36:04.483Z,Withdrawal,Mobile,3254.99,GBP,Pending
TXN00000112,ACC000071,2023-09-21T03:48:55.000Z,Withdrawal,UPI,90323.96,INR,Success
TXN00000113,ACC000134,2023-11-05T20:33:07.000Z,Deposit,POS,6058.36,INR,Success
TXN00000114,ACC000776,2023-05-03T22:26:32.000Z,Debit,ATM,89352.33,INR,Success
TXN00000115,ACC000918,2023-05-06T06:48:39.000Z,Withdrawal,Net Banking,10493.32,USD,Success
TXN00000116,ACC000151,2023-06-10T12:32:42.000Z,Debit,Net Banking,0,INR,Success
TXN00000117,ACC000599,2023-09-07T07:12:11.000Z,Withdrawal,ATM,89418.3,INR,Reversed
TXN00000118,ACC000109,2023-02-18T17:26:01.000Z,Debit,Mobile,55608.61,INR,Success
TXN00000119,ACC000964,2023-12-02T19:30:33.000Z,Debit,ATM,83849.52,EUR,Success
TXN00000120,ACC000286,2023-02-01T05:27:45.000Z,Transfer,Mobile,11033.5,INR,Success
TXN00000121,ACC000546,2023-08-13T06:58:17.000Z,Credit,ATM,62012.46,INR,Pending
TXN00000122,ACC000734,2026-02-18T03:36:04.483Z,Deposit,Net Banking,8191.82,INR,Success
TXN00000123,ACC000372,2023-07-11T14:41:39.000Z,Withdrawal,Mobile,0,INR,Pending
TXN00000124,ACC000932,2023-09-08T07:15:58.000Z,Credit,Net Banking,72374.95,INR,Reversed
TXN00000125,ACC000274,2023-03-25T03:03:24.000Z,Withdrawal,UPI,83657.31,INR,Success
TXN00000126,ACC000320,2023-02-04T14:00:30.000Z,Debit,Net Banking,0,INR,Reversed
TXN00000127,ACC000762,2023-10-01T18:42:53.000Z,Deposit,POS,74194.29,INR,Success
TXN00000128,ACC000712,2023-02-26T14:37:18.000Z,Withdrawal,Net Banking,35748,USD,Success
TXN00000129,ACC000912,2023-11-22T14:02:22.000Z,Debit,POS,93360.59,GBP,Success
TXN00000130,ACC000043,2023-04-28T14:27:02.000Z,Transfer,POS,0,INR,Pending
TXN00000131,ACC000571,2023-02-23T04:43:47.000Z,Withdrawal,ATM,28653.28,INR,Reversed
TXN00000132,ACC000642,2023-10-08T10:53:26.000Z,Debit,Mobile,65485.19,USD,Success
TXN00000133,ACC000666,2023-10-05T19:20:24.000Z,Deposit,POS,85005.42,INR,Success
TXN00000134,ACC000188,2023-05-04T01:42:24.000Z,Withdrawal,POS,8775.5,INR,Success
TXN00000135,ACC000356,2023-03-23T02:33:52.000Z,Credit,ATM,36974.42,INR,Pending
TXN00000136,ACC000078,2023-08-26T19:06:27.000Z,Transfer,Mobile,53437.57,INR,Success
TXN00000137,ACC000296,2023-04-19T10:45:50.000Z,Deposit,UPI,21906.73,INR,Success
TXN00000138,ACC000440,2023-05-03T02:30:51.000Z,Deposit,Branch,48024.35,INR,Success
TXN00000139,ACC000561,2023-07-09T23:49:08.000Z,Transfer,POS,40407.91,INR,Success
TXN00000140,ACC000831,2023-04-15T20:05:00.000Z,Credit,UPI,61897.64,INR,Success
TXN00000141,ACC000059,2023-11-11T21:34:50.000Z,Deposit,Net Banking,53973.2,INR,Success
TXN00000142,ACC000693,2023-11-28T12:15:32.000Z,Withdrawal,Branch,87861.38,USD,Success
TXN00000143,ACC000191,2023-03-22T07:10:19.000Z,Deposit,Branch,0,GBP,Success
TXN00000144,ACC000665,2023-08-11T23:56:55.000Z,Debit,POS,8457.23,INR,Success
TXN00000145,ACC000677,2023-04-09T08:25:40.000Z,Credit,Mobile,53319.16,INR,Failed
TXN00000146,ACC000121,2023-06-12T18:00:29.000Z,Deposit,Net Banking,0,INR,Success
TXN00000147,ACC000480,2023-12-16T23:20:51.000Z,Deposit,Mobile,30714.5,INR,Success
TXN00000148,ACC000351,2023-04-01T01:46:18.000Z,Transfer,Branch,21531.94,INR,Success
TXN00000149,ACC000381,2023-05-28T09:51:01.000Z,Withdrawal,POS,96148.79,INR,Success
TXN00000150,ACC000268,2023-10-06T19:27:53.000Z,Debit,Branch,12172.55,INR,Pending
TXN00000151,ACC000210,2023-07-24T02:10:09.000Z,Deposit,UPI,65754.84,INR,Success
TXN00000152,ACC000415,2023-06-20T09:11:44.000Z,Transfer,UPI,75620.95,INR,Failed
TXN00000153,ACC000739,2023-05-21T11:09:46.000Z,Debit,POS,0,GBP,Success
TXN00000154,ACC000092,2023-06-01T22:13:06.000Z,Transfer,Mobile,56480.62,INR,Success
TXN00000155,ACC000533,2023-02-23T06:21:19.000Z,Credit,Mobile,10343.62,INR,Success
TXN00000156,ACC000281,2026-02-14T03:36:04.483Z,Withdrawal,ATM,36672.97,INR,Success
TXN00000157,ACC001000,2023-10-10T15:50:59.000Z,Deposit,Net Banking,93992.07,INR,Pending
TXN00000158,ACC000409,2023-05-11T04:17:18.000Z,Deposit,ATM,88139.94,INR,Success
TXN00000159,ACC000419,2023-10-23T12:23:55.000Z,Deposit,UPI,16432.95,INR,Success
TXN00000160,ACC000190,2023-06-03T22:43:53.000Z,Transfer,UPI,46444.88,INR,Success
TXN00000161,ACC000804,2023-10-11T02:59:56.000Z,Debit,Mobile,4256.04,INR,Success
TXN00000162,ACC000104,2023-02-15T02:06:25.000Z,Deposit,Mobile,66408.98,INR,Success
TXN00000163,ACC000314,2023-07-16T09:58:08.000Z,Deposit,Mobile,71306.48,INR,Pending
TXN00000164,ACC000296,2023-12-07T14:22:32.000Z,Withdrawal,Mobile,85717.13,GBP,Success
TXN00000165,ACC000960,2023-09-07T00:08:41.000Z,Deposit,Branch,26799.44,INR,Success
TXN00000166,ACC000288,2023-08-22T01:48:07.000Z,Deposit,ATM,29282.51,INR,Failed
TXN00000167,ACC000175,2023-09-06T21:16:28.000Z,Debit,Branch,62891.79,INR,Success
TXN00000168,ACC000902,2023-02-27T14:42:40.000Z,Credit,Mobile,35605.05,INR,Success
TXN00000169,ACC000184,2023-02-03T23:33:07.000Z,Deposit,Mobile,66258.44,INR,Success
TXN00000170,ACC000353,2023-12-19T04:32:24.000Z,Deposit,ATM,61218.25,INR,Failed
TXN00000171,ACC000888,2023-01-05T08:19:18.000Z,Transfer,Net Banking,40238.97,INR,Reversed
TXN00000172,ACC000886,2023-09-06T21:19:20.000Z,Debit,Net Banking,42457.62,INR,Success
TXN00000173,ACC000918,2023-05-13T23:24:31.000Z,Withdrawal,UPI,97445.64,INR,Success
TXN00000174,ACC000563,2023-01-05T18:15:43.000Z,Credit,Mobile,13119.89,INR,Success
TXN00000175,ACC000521,2023-09-15T14:00:03.000Z,Credit,Branch,89791.3,INR,Success
TXN00000176,ACC000816,2023-11-24T23:50:46.000Z,Withdrawal,ATM,10452.88,INR,Failed
TXN00000177,ACC000280,2023-06-07T12:15:35.000Z,Credit,Mobile,71928.45,INR,Failed
TXN00000178,ACC000401,2023-11-26T17:50:53.000Z,Deposit,POS,4577.31,INR,Reversed
TXN00000179,ACC000611,2023-12-28T08:14:47.000Z,Credit,UPI,54093.54,GBP,Success
TXN00000180,ACC000550,2023-03-16T21:48:14.000Z,Credit,Net Banking,57174.4,INR,Success
TXN00000181,ACC000061,2023-12-07T18:18:31.000Z,Credit,Net Banking,45051.94,INR,Success
TXN00000182,ACC000646,2023-03-20T14:41:18.000Z,Deposit,Net Banking,63404.12,INR,Failed
TXN00000183,ACC000929,2023-10-23T08:44:12.000Z,Withdrawal,UPI,43460.11,INR,Success
TXN00000184,ACC000683,2023-07-28T15:55:37.000Z,Deposit,POS,77120.13,INR,Success
TXN00000185,ACC000784,2023-02-02T13:42:06.000Z,Withdrawal,POS,97934.35,INR,Success
TXN00000186,ACC000765,2023-01-25T12:13:07.000Z,Debit,Mobile,39518.9,INR,Success
TXN00000187,ACC000251,2023-05-27T08:05:03.000Z,Credit,Branch,15120.25,INR,Success
TXN00000188,ACC000082,2023-01-20T14:06:23.000Z,Deposit,ATM,56389.91,GBP,Success
TXN00000189,ACC000845,2023-07-07T20:45:11.000Z,Debit,Net Banking,44812.26,INR,Success
TXN00000190,ACC000488,2026-02-28T03:36:04.483Z,Deposit,Mobile,38854.44,INR,Success
TXN00000191,ACC000201,2023-04-18T07:44:05.000Z,Credit,Branch,28661.88,INR,Reversed
TXN00000192,ACC000996,2023-02-23T22:15:53.000Z,Transfer,Mobile,50465.65,INR,Success
TXN00000193,ACC000259,2023-07-16T19:26:15.000Z,Transfer,Mobile,58880.8,INR,Success
TXN00000194,ACC000252,2023-03-26T00:17:26.000Z,Debit,Branch,16337.37,INR,Success
TXN00000195,ACC000544,2023-06-13T14:29:53.000Z,Transfer,ATM,18049.41,USD,Success
TXN00000196,ACC000410,2023-03-27T08:05:29.000Z,Debit,Mobile,38134.1,INR,Failed
TXN00000197,ACC000647,2023-01-15T01:14:56.000Z,Credit,UPI,47892.97,INR,Success
TXN00000198,ACC000023,2023-04-23T05:48:54.000Z,Debit,Mobile,38928.96,INR,Success
TXN00000199,ACC000885,2026-02-08T03:36:04.483Z,Debit,Net Banking,53623.36,INR,Failed
TXN00000200,ACC000493,2023-09-26T20:12:00.000Z,Debit,Net Banking,11498.69,INR,Success
TXN00000201,ACC000326,2023-03-14T11:07:49.000Z,Withdrawal,ATM,34976.4,INR,Success
TXN00000202,ACC000446,2023-07-10T05:52:01.000Z,Deposit,Mobile,76034.87,INR,Success
TXN00000203,ACC000222,2023-11-11T21:28:35.000Z,Debit,POS,3324.37,INR,Success
TXN00000204,ACC000944,2023-12-22T23:19:59.000Z,Deposit,Branch,6624.56,INR,Success
TXN00000205,ACC000791,2023-12-04T15:01:34.000Z,Transfer,Mobile,33842.35,INR,Success
TXN00000206,ACC000953,2023-08-02T15:44:06.000Z,Transfer,Mobile,14986.6,EUR,Success
TXN00000207,ACC000367,2026-02-10T03:36:04.483Z,Transfer,Mobile,33001.65,INR,Success
TXN00000208,ACC000961,2023-03-19T16:58:52.000Z,Credit,Branch,23307.36,EUR,Success
TXN00000209,ACC000085,2023-11-22T07:50:43.000Z,Transfer,POS,43576.42,INR,Success
TXN00000210,ACC000655,2023-05-27T07:36:47.000Z,Deposit,Net Banking,64401.85,INR,Failed
TXN00000211,ACC000068,2023-02-17T13:46:45.000Z,Deposit,Mobile,87113.18,EUR,Success
TXN00000212,ACC000477,2023-03-02T14:03:48.000Z,Debit,Branch,37992.22,INR,Success
TXN00000213,ACC000378,2023-11-08T20:31:12.000Z,Transfer,UPI,72364.14,INR,Success
TXN00000214,ACC000806,2023-12-15T20:43:21.000Z,Credit,Branch,24898.93,INR,Failed
TXN00000215,ACC000802,2023-08-07T21:21:38.000Z,Credit,ATM,50850.79,GBP,Success
TXN00000216,ACC000319,2023-11-05T18:05:29.000Z,Withdrawal,ATM,73709.43,INR,Success
TXN00000217,ACC000500,2023-11-21T06:04:19.000Z,Credit,Mobile,0,INR,Success
TXN00000218,ACC000744,2023-12-10T21:31:22.000Z,Debit,ATM,26232.99,INR,Success
TXN00000219,ACC000435,2023-08-11T11:28:10.000Z,Withdrawal,ATM,0,INR,Reversed
TXN00000220,ACC000245,2023-05-22T03:02:56.000Z,Debit,Mobile,50041.75,INR,Success
TXN00000221,ACC000215,2023-05-11T01:54:31.000Z,Withdrawal,Branch,221.95,INR,Success
TXN00000222,ACC000527,2023-01-18T17:02:16.000Z,Credit,UPI,0,INR,Success
TXN00000223,ACC000486,2023-06-22T07:23:43.000Z,Debit,Branch,19601.97,INR,Success
TXN00000224,ACC000844,2026-02-22T03:36:04.483Z,Withdrawal,POS,55693.55,INR,Failed
TXN00000225,ACC000310,2026-02-07T03:36:04.483Z,Withdrawal,POS,37873.34,INR,Success
TXN00000226,ACC000790,2026-02-07T03:36:04.483Z,Withdrawal,Net Banking,74109.11,INR,Success
TXN00000227,ACC000464,2023-06-19T04:08:24.000Z,Credit,Net Banking,61951.37,INR,Success
TXN00000228,ACC000576,2023-02-26T17:04:00.000Z,Debit,Mobile,15785.82,INR,Success
TXN00000229,ACC000800,2023-06-02T01:52:45.000Z,Credit,UPI,37356.21,INR,Success
TXN00000230,ACC000045,2023-02-04T17:59:26.000Z,Withdrawal,ATM,0,INR,Success
TXN00000231,ACC000029,2023-02-22T07:35:17.000Z,Transfer,UPI,61659.63,GBP,Success
TXN00000232,ACC000975,2023-11-22T00:20:52.000Z,Debit,UPI,43530.11,INR,Reversed
TXN00000233,ACC000674,2023-01-28T20:14:39.000Z,Debit,Net Banking,83162.6,INR,Success
TXN00000234,ACC000566,2023-09-09T00:25:14.000Z,Deposit,UPI,33034.51,INR,Success
TXN00000235,ACC000972,2023-06-11T14:43:16.000Z,Credit,POS,9145.61,INR,Success
TXN00000236,ACC000684,2023-11-05T11:22:09.000Z,Deposit,Branch,91778.44,INR,Success
TXN00000237,ACC000774,2023-01-05T23:25:12.000Z,Transfer,Mobile,79852.65,INR,Success
TXN00000238,ACC000099,2023-06-22T01:08:03.000Z,Credit,Branch,0,INR,Success
TXN00000239,ACC000252,2023-02-05T22:16:50.000Z,Transfer,POS,27178.44,INR,Success
TXN00000240,ACC000282,2023-10-18T04:03:04.000Z,Withdrawal,POS,37660.63,INR,Pending
TXN00000241,ACC000743,2023-04-25T23:58:44.000Z,Withdrawal,ATM,99522,INR,Success
TXN00000242,ACC000526,2023-03-21T11:09:58.000Z,Deposit,POS,8932.24,INR,Success
TXN00000243,ACC000662,2023-07-01T23:05:03.000Z,Withdrawal,Mobile,55855.27,INR,Reversed
TXN00000244,ACC000220,2023-09-18T10:07:07.000Z,Withdrawal,Branch,58437.1,INR,Success
TXN00000245,ACC000234,2023-10-22T04:50:52.000Z,Credit,UPI,21025.47,INR,Success
TXN00000246,ACC000618,2023-08-05T21:37:58.000Z,Credit,Branch,78273.34,INR,Pending
TXN00000247,ACC000261,2023-01-19T08:38:44.000Z,Credit,UPI,93345.3,INR,Failed
TXN00000248,ACC000309,2023-10-24T08:21:35.000Z,Debit,Net Banking,13020.67,INR,Failed
TXN00000249,ACC000027,2023-11-06T16:39:09.000Z,Credit,Branch,10492.21,INR,Success
TXN00000250,ACC000841,2023-01-10T18:15:22.000Z,Transfer,UPI,76064.17,INR,Success
TXN00000251,ACC000862,2023-10-27T01:11:31.000Z,Withdrawal,ATM,89340.57,INR,Success
TXN00000252,ACC000793,2023-04-07T19:20:48.000Z,Withdrawal,ATM,50987.53,INR,Success
TXN00000253,ACC000023,2023-04-02T17:05:17.000Z,Credit,Mobile,17027.39,INR,Success
TXN00000254,ACC000820,2023-09-19T00:55:10.000Z,Transfer,UPI,63069.24,INR,Reversed
TXN00000255,ACC000551,2023-07-22T09:02:09.000Z,Deposit,Mobile,96777.96,INR,Success
TXN00000256,ACC000688,2023-12-06T18:20:25.000Z,Transfer,Net Banking,97122.16,INR,Reversed
TXN00000257,ACC000708,2023-01-16T00:30:25.000Z,Withdrawal,Mobile,58590,INR,Success
TXN00000258,ACC000288,2023-10-08T05:27:10.000Z,Withdrawal,POS,50388.31,INR,Success
TXN00000259,ACC000968,2023-07-11T06:50:59.000Z,Credit,Mobile,49115.23,INR,Success
TXN00000260,ACC000413,2023-06-13T12:59:11.000Z,Withdrawal,Branch,25473.26,INR,Success
TXN00000261,ACC000337,2023-06-13T22:22:53.000Z,Deposit,Mobile,11761.05,INR,Reversed
TXN00000262,ACC000335,2023-02-09T20:47:53.000Z,Credit,POS,32161.25,GBP,Failed
TXN00000263,ACC000847,2023-09-24T13:46:48.000Z,Transfer,ATM,4122.57,EUR,Success
TXN00000264,ACC000063,2023-03-06T09:25:21.000Z,Deposit,Mobile,83092.22,INR,Success
TXN00000265,ACC000120,2023-06-26T16:14:34.000Z,Transfer,Branch,7749.54,USD,Pending
TXN00000266,ACC000809,2023-06-10T21:26:19.000Z,Credit,ATM,42950.04,INR,Reversed
TXN00000267,ACC000146,2023-03-25T18:24:31.000Z,Debit,Net Banking,26403.92,GBP,Success
TXN00000268,ACC000058,2026-02-27T03:36:04.484Z,Credit,ATM,54872.07,INR,Pending
TXN00000269,ACC000878,2023-06-24T19:59:40.000Z,Credit,Net Banking,28162.33,GBP,Success
TXN00000270,ACC000862,2023-08-22T14:06:22.000Z,Debit,ATM,70567.44,GBP,Success
TXN00000271,ACC000452,2026-02-21T03:36:04.484Z,Debit,Net Banking,0,INR,Success
TXN00000272,ACC000431,2023-05-02T17:34:34.000Z,Debit,POS,55060.81,INR,Reversed
TXN00000273,ACC000057,2023-04-09T14:53:49.000Z,Transfer,UPI,53101.7,INR,Success
TXN00000274,ACC000269,2023-05-24T20:54:08.000Z,Transfer,Branch,57867.17,INR,Success
TXN00000275,ACC000708,2023-08-13T12:04:22.000Z,Credit,UPI,98528.38,INR,Success
TXN00000276,ACC000194,2026-02-20T03:36:04.484Z,Debit,Net Banking,56275.32,INR,Success
TXN00000277,ACC000176,2026-03-04T03:36:04.484Z,Credit,ATM,36457.21,INR,Success
TXN00000278,ACC000302,2023-10-24T17:34:11.000Z,Transfer,POS,45049.46,INR,Success
TXN00000279,ACC000050,2023-03-04T14:58:52.000Z,Deposit,Mobile,8583.9,INR,Success
TXN00000280,ACC000810,2023-07-24T12:01:44.000Z,Credit,ATM,24856.08,INR,Pending
TXN00000281,ACC000117,2023-05-13T02:39:36.000Z,Deposit,Mobile,94720.06,INR,Success
TXN00000282,ACC000762,2023-05-02T09:47:16.000Z,Transfer,Net Banking,11477.78,INR,Failed
TXN00000283,ACC000057,2023-12-14T17:23:08.000Z,Deposit,Mobile,9279.02,INR,Success
TXN00000284,ACC000189,2023-07-27T21:42:18.000Z,Debit,Mobile,3754.02,INR,Reversed
TXN00000285,ACC000278,2023-09-11T05:44:37.000Z,Transfer,ATM,75856.9,INR,Success
TXN00000286,ACC000410,2026-02-24T03:36:04.484Z,Debit,ATM,72053.84,INR,Success
TXN00000287,ACC000952,2023-05-03T12:06:12.000Z,Transfer,ATM,95608.01,INR,Success
TXN00000288,ACC000630,2023-10-22T22:20:21.000Z,Withdrawal,Net Banking,25665.02,INR,Success
TXN00000289,ACC000603,2023-10-12T18:04:10.000Z,Transfer,UPI,85894.6,INR,Failed
TXN00000290,ACC000251,2023-06-19T04:08:10.000Z,Withdrawal,POS,59208.3,INR,Success
TXN00000291,ACC000708,2023-05-07T14:32:35.000Z,Withdrawal,Net Banking,82346.65,INR,Failed
TXN00000292,ACC000621,2023-07-06T01:44:47.000Z,Credit,ATM,50161.11,INR,Success
TXN00000293,ACC000123,2023-08-04T07:03:41.000Z,Deposit,UPI,95558.54,INR,Success
TXN00000294,ACC000395,2023-10-12T20:11:01.000Z,Credit,Mobile,0,INR,Failed
TXN00000295,ACC000204,2023-03-12T23:45:48.000Z,Deposit,ATM,2846.29,GBP,Success
TXN00000296,ACC000707,2023-11-01T15:57:14.000Z,Debit,Mobile,68686.31,INR,Success
TXN00000297,ACC000679,2026-02-18T03:36:04.484Z,Transfer,Mobile,94417.06,INR,Success
TXN00000298,ACC000930,2023-11-18T21:33:03.000Z,Deposit,Net Banking,39974.56,INR,Success
TXN00000299,ACC000069,2023-12-24T01:14:20.000Z,Transfer,ATM,22604.79,INR,Success
TXN00000300,ACC000075,2023-06-16T21:39:51.000Z,Debit,ATM,50918.56,INR,Success
TXN00000301,ACC000375,2023-06-18T11:49:36.000Z,Deposit,Net Banking,15696.93,INR,Success
TXN00000302,ACC000239,2023-06-09T11:29:20.000Z,Withdrawal,Branch,0,INR,Failed
TXN00000303,ACC000470,2023-06-17T22:02:37.000Z,Deposit,UPI,22630.67,INR,Success
TXN00000304,ACC000639,2023-03-10T11:00:01.000Z,Transfer,Mobile,5585.55,INR,Success
TXN00000305,ACC000199,2023-07-21T19:45:48.000Z,Withdrawal,UPI,9934.21,INR,Success
TXN00000306,ACC000511,2023-11-18T18:58:21.000Z,Debit,Net Banking,19510.16,INR,Success
TXN00000307,ACC000068,2023-03-11T12:43:22.000Z,Withdrawal,POS,40908.62,INR,Reversed
TXN00000308,ACC000279,2023-01-08T18:56:12.000Z,Debit,UPI,32843.49,INR,Failed
TXN00000309,ACC000257,2023-09-06T23:02:52.000Z,Credit,UPI,8833.44,INR,Success
TXN00000310,ACC000258,2026-02-09T03:36:04.484Z,Credit,POS,4420.19,INR,Success
TXN00000311,ACC000743,2023-08-07T20:19:27.000Z,Credit,Branch,0,INR,Success
TXN00000312,ACC000226,2023-11-28T01:10:29.000Z,Credit,Branch,0,INR,Success
TXN00000313,ACC000089,2023-06-24T10:26:44.000Z,Withdrawal,Net Banking,75059.95,EUR,Success
TXN00000314,ACC000890,2023-07-15T04:27:03.000Z,Transfer,Net Banking,156.37,INR,Success
TXN00000315,ACC000084,2023-01-23T23:38:52.000Z,Deposit,ATM,28187.92,INR,Success
TXN00000316,ACC000210,2023-01-08T21:15:27.000Z,Debit,Branch,28459.97,INR,Success
TXN00000317,ACC000388,2023-03-28T17:41:17.000Z,Credit,POS,77485.68,INR,Success
TXN00000318,ACC000531,2023-03-02T23:57:08.000Z,Credit,Mobile,28787.86,INR,Failed
TXN00000319,ACC000960,2023-02-06T10:54:30.000Z,Debit,ATM,0,INR,Success
TXN00000320,ACC000626,2023-04-17T23:21:35.000Z,Withdrawal,UPI,77766.35,INR,Success
TXN00000321,ACC000342,2023-08-26T19:19:56.000Z,Credit,Mobile,76628.87,INR,Success
TXN00000322,ACC000415,2023-08-08T07:08:02.000Z,Deposit,UPI,32180.54,GBP,Success
TXN00000323,ACC000443,2023-03-15T08:33:15.000Z,Deposit,POS,63485.9,INR,Success
TXN00000324,ACC000754,2023-10-19T04:02:43.000Z,Deposit,UPI,12963.44,INR,Success
TXN00000325,ACC000459,2023-11-20T15:37:12.000Z,Credit,POS,0,INR,Success
TXN00000326,ACC000091,2023-04-19T12:11:50.000Z,Credit,Mobile,6033.29,INR,Failed
TXN00000327,ACC000755,2023-09-04T11:36:05.000Z,Transfer,POS,13948.09,INR,Success
TXN00000328,ACC000583,2023-06-04T20:14:57.000Z,Debit,Mobile,47966.41,INR,Success
TXN00000329,ACC000446,2026-02-06T03:36:04.484Z,Deposit,Mobile,57466.22,INR,Success
TXN00000330,ACC000033,2023-08-15T03:37:26.000Z,Deposit,UPI,11418.36,INR,Success
TXN00000331,ACC000046,2023-12-10T18:20:25.000Z,Withdrawal,POS,34204.95,INR,Success
TXN00000332,ACC000703,2023-10-17T22:55:09.000Z,Withdrawal,Branch,45099.41,INR,Success
TXN00000333,ACC000247,2023-06-24T09:21:44.000Z,Credit,Mobile,91583.39,INR,Success
TXN00000334,ACC000548,2023-04-04T12:46:42.000Z,Debit,Mobile,57042.33,INR,Reversed
TXN00000335,ACC000773,2023-12-15T11:52:22.000Z,Withdrawal,ATM,20354.42,GBP,Reversed
TXN00000336,ACC000422,2023-04-22T18:32:47.000Z,Credit,ATM,20567.34,INR,Pending
TXN00000337,ACC000734,2023-06-07T10:34:11.000Z,Deposit,POS,97403.19,INR,Success
TXN00000338,ACC000877,2026-03-04T03:36:04.484Z,Debit,POS,0,INR,Pending
TXN00000339,ACC000027,2023-11-06T23:29:45.000Z,Transfer,ATM,40662.42,INR,Failed
TXN00000340,ACC000884,2023-03-22T13:10:35.000Z,Credit,Mobile,34401.57,INR,Success
TXN00000341,ACC000838,2026-02-05T03:36:04.484Z,Debit,ATM,50096.99,INR,Success
TXN00000342,ACC000482,2023-11-10T04:18:23.000Z,Credit,ATM,98569.17,INR,Success
TXN00000343,ACC000678,2023-05-05T23:27:08.000Z,Debit,Mobile,80395.58,INR,Failed
TXN00000344,ACC000861,2023-11-15T07:16:09.000Z,Transfer,Mobile,10221.87,INR,Success
TXN00000345,ACC000443,2023-09-10T17:40:05.000Z,Transfer,POS,66352.64,INR,Failed
TXN00000346,ACC000102,2023-06-05T17:42:11.000Z,Credit,ATM,28760.75,INR,Success
TXN00000347,ACC000390,2023-11-25T01:08:46.000Z,Debit,Branch,0,INR,Success
TXN00000348,ACC000474,2023-05-21T06:22:57.000Z,Withdrawal,Mobile,0,INR,Success
TXN00000349,ACC000778,2023-05-20T21:39:38.000Z,Debit,Mobile,61679.42,INR,Success
TXN00000350,ACC000883,2023-08-01T18:42:30.000Z,Withdrawal,POS,98137.24,INR,Success
TXN00000351,ACC000836,2023-07-11T04:40:02.000Z,Withdrawal,Net Banking,61675.5,GBP,Success
TXN00000352,ACC000725,2023-05-28T21:12:11.000Z,Deposit,UPI,14236.37,INR,Success
TXN00000353,ACC000989,2023-06-20T02:05:07.000Z,Transfer,Mobile,71669.72,INR,Success
TXN00000354,ACC000172,2023-02-14T21:21:33.000Z,Deposit,ATM,26682.38,INR,Success
TXN00000355,ACC000486,2023-08-19T22:09:11.000Z,Withdrawal,Net Banking,4753.47,INR,Success
TXN00000356,ACC000693,2023-08-17T16:06:53.000Z,Deposit,POS,67289.35,INR,Success
TXN00000357,ACC000348,2023-12-09T02:26:55.000Z,Deposit,UPI,64099.51,INR,Success
TXN00000358,ACC000146,2023-11-22T16:00:23.000Z,Deposit,Net Banking,548.87,INR,Success
TXN00000359,ACC000134,2023-11-09T17:27:50.000Z,Credit,Branch,16549.17,INR,Success
TXN00000360,ACC000733,2023-04-11T20:17:00.000Z,Credit,Net Banking,0,INR,Success
TXN00000361,ACC000928,2023-05-06T07:20:36.000Z,Credit,UPI,87746.21,USD,Success
TXN00000362,ACC000017,2023-07-11T14:43:00.000Z,Withdrawal,Net Banking,37716.32,INR,Success
TXN00000363,ACC000817,2023-03-04T05:50:11.000Z,Credit,Branch,84895,INR,Success
TXN00000364,ACC000712,2023-02-23T23:34:31.000Z,Credit,POS,36469.12,INR,Failed
TXN00000365,ACC000923,2023-08-26T06:29:02.000Z,Transfer,Mobile,78162.22,INR,Failed
TXN00000366,ACC000011,2023-09-10T21:15:24.000Z,Credit,ATM,64910.83,INR,Failed
TXN00000367,ACC000133,2023-08-26T03:05:30.000Z,Debit,Branch,18930.02,INR,Success
TXN00000368,ACC000504,2023-11-13T13:48:08.000Z,Transfer,Mobile,24246.34,INR,Success
TXN00000369,ACC000555,2023-07-25T15:50:40.000Z,Deposit,UPI,73785.3,INR,Success
TXN00000370,ACC000566,2023-02-21T21:20:24.000Z,Debit,UPI,46482.74,INR,Success
TXN00000371,ACC000378,2023-08-10T10:01:58.000Z,Transfer,Net Banking,44668.39,GBP,Reversed
TXN00000372,ACC000262,2023-01-08T04:51:12.000Z,Debit,Net Banking,0,INR,Success
TXN00000373,ACC000131,2023-06-03T05:06:55.000Z,Transfer,ATM,19530.14,EUR,Success
TXN00000374,ACC000105,2023-11-06T14:23:23.000Z,Debit,UPI,8460.22,INR,Pending
TXN00000375,ACC000061,2023-11-28T10:56:06.000Z,Withdrawal,Branch,82636.02,INR,Success
TXN00000376,ACC000189,2023-01-19T22:36:07.000Z,Debit,UPI,10012.13,INR,Success
TXN00000377,ACC000310,2023-08-07T08:28:25.000Z,Credit,Mobile,0,INR,Success
TXN00000378,ACC000786,2023-08-05T04:24:15.000Z,Withdrawal,UPI,22462.22,INR,Success
TXN00000379,ACC000706,2023-12-04T05:38:26.000Z,Debit,Branch,96806.54,INR,Failed
TXN00000380,ACC000910,2023-10-19T10:39:38.000Z,Credit,Mobile,52541.79,INR,Success
TXN00000381,ACC000186,2023-10-08T17:42:34.000Z,Transfer,UPI,53752.62,EUR,Reversed
TXN00000382,ACC000135,2026-03-03T03:36:04.484Z,Withdrawal,ATM,80073.77,INR,Success
TXN00000383,ACC000805,2023-01-11T16:25:13.000Z,Transfer,Net Banking,23400.24,INR,Success
TXN00000384,ACC000920,2023-12-01T03:20:29.000Z,Deposit,Net Banking,9475.81,INR,Failed
TXN00000385,ACC000158,2023-12-25T16:08:41.000Z,Debit,Net Banking,76757.02,USD,Failed
TXN00000386,ACC000548,2023-03-13T03:26:10.000Z,Transfer,UPI,97830.61,INR,Success
TXN00000387,ACC000459,2023-05-15T15:17:25.000Z,Withdrawal,POS,31508.18,INR,Success
TXN00000388,ACC000671,2023-09-20T05:52:57.000Z,Deposit,POS,70577.6,INR,Success
TXN00000389,ACC000531,2023-12-26T16:37:34.000Z,Credit,Mobile,87988.82,INR,Success
TXN00000390,ACC000983,2026-02-23T03:36:04.484Z,Withdrawal,Net Banking,9686.13,INR,Success
TXN00000391,ACC000961,2026-02-15T03:36:04.484Z,Transfer,Net Banking,88624.78,INR,Success
TXN00000392,ACC000342,2023-09-23T23:06:14.000Z,Withdrawal,POS,51883.67,EUR,Success
TXN00000393,ACC000518,2023-08-07T23:02:12.000Z,Deposit,ATM,95962.49,INR,Success
TXN00000394,ACC000648,2023-08-17T12:13:05.000Z,Transfer,Mobile,18251.25,INR,Reversed
TXN00000395,ACC000446,2023-09-17T06:07:33.000Z,Credit,ATM,81414.83,INR,Success
TXN00000396,ACC000122,2023-06-27T17:42:07.000Z,Withdrawal,UPI,68574.66,INR,Success
TXN00000397,ACC000489,2023-08-14T07:01:52.000Z,Withdrawal,Mobile,71270.1,INR,Success
TXN00000398,ACC000557,2023-05-06T23:44:34.000Z,Deposit,Branch,8282.64,INR,Success
TXN00000399,ACC000415,2023-11-20T14:10:13.000Z,Withdrawal,UPI,30958.33,INR,Success
TXN00000400,ACC000886,2026-02-27T03:36:04.484Z,Credit,UPI,86310.41,INR,Success
TXN00000401,ACC000771,2023-11-19T10:35:32.000Z,Withdrawal,UPI,85010.16,INR,Pending
TXN00000402,ACC000224,2023-03-26T09:43:57.000Z,Deposit,Branch,84948.8,INR,Success
TXN00000403,ACC000024,2023-04-10T10:03:39.000Z,Transfer,POS,33493.67,INR,Success
TXN00000404,ACC000080,2023-05-16T19:55:35.000Z,Withdrawal,Mobile,36169.3,INR,Success
TXN00000405,ACC000758,2023-02-14T00:10:37.000Z,Debit,ATM,47409.39,INR,Success
TXN00000406,ACC000477,2023-03-11T06:49:46.000Z,Transfer,ATM,0,INR,Success
TXN00000407,ACC000297,2023-07-23T06:14:11.000Z,Withdrawal,POS,43045.95,INR,Success
TXN00000408,ACC000403,2023-04-06T10:15:02.000Z,Credit,Branch,6854.95,INR,Success
TXN00000409,ACC000797,2023-05-09T02:53:30.000Z,Deposit,Net Banking,2788.27,INR,Pending
TXN00000410,ACC000241,2023-09-13T13:30:04.000Z,Transfer,Branch,48325.79,INR,Success
TXN00000411,ACC000912,2023-02-08T06:54:49.000Z,Debit,Mobile,9010.1,GBP,Success
TXN00000412,ACC000109,2023-06-04T13:02:35.000Z,Deposit,Branch,67382.05,INR,Success
TXN00000413,ACC000640,2023-02-04T06:30:44.000Z,Debit,POS,22784.92,INR,Success
TXN00000414,ACC000416,2023-07-04T15:02:21.000Z,Credit,POS,11855.05,INR,Success
TXN00000415,ACC000004,2023-09-14T15:47:48.000Z,Transfer,UPI,3795.63,INR,Failed
TXN00000416,ACC000242,2023-12-07T04:14:31.000Z,Deposit,POS,11130.82,INR,Success
TXN00000417,ACC000734,2023-10-20T23:13:22.000Z,Debit,POS,21173.78,INR,Success
TXN00000418,ACC000063,2023-10-03T16:23:56.000Z,Credit,Branch,1316.1,INR,Success
TXN00000419,ACC000769,2023-02-10T04:07:08.000Z,Credit,ATM,0,INR,Success
TXN00000420,ACC000150,2023-01-27T22:08:17.000Z,Withdrawal,UPI,99409.52,INR,Failed
TXN00000421,ACC000355,2023-08-10T19:16:21.000Z,Debit,ATM,14799.55,INR,Success
TXN00000422,ACC000517,2023-05-06T16:26:59.000Z,Withdrawal,Net Banking,90348.29,INR,Success
TXN00000423,ACC000100,2023-02-13T15:25:17.000Z,Withdrawal,Net Banking,33494.79,INR,Success
TXN00000424,ACC000866,2023-04-14T09:33:14.000Z,Debit,ATM,79100.51,INR,Success
TXN00000425,ACC000386,2023-12-16T00:35:29.000Z,Transfer,Mobile,18283.86,INR,Success
TXN00000426,ACC000718,2023-05-21T06:24:13.000Z,Withdrawal,Mobile,80466.7,INR,Success
TXN00000427,ACC000685,2023-04-21T08:40:40.000Z,Withdrawal,ATM,37794.97,INR,Success
TXN00000428,ACC000081,2023-04-12T08:31:33.000Z,Transfer,Net Banking,84870.58,USD,Failed
TXN00000429,ACC000764,2023-04-09T16:32:27.000Z,Transfer,POS,0,INR,Failed
TXN00000430,ACC000266,2023-03-01T19:30:22.000Z,Withdrawal,POS,17436.96,INR,Pending
TXN00000431,ACC000876,2023-09-06T18:08:51.000Z,Deposit,Net Banking,11133.26,GBP,Success
TXN00000432,ACC000544,2023-06-14T11:00:33.000Z,Withdrawal,Net Banking,42279.78,INR,Success
TXN00000433,ACC000448,2023-09-11T15:59:36.000Z,Withdrawal,Mobile,44366.78,USD,Success
TXN00000434,ACC000234,2023-07-07T20:01:47.000Z,Debit,Branch,46024.24,GBP,Success
TXN00000435,ACC000755,2023-04-05T15:08:04.000Z,Credit,UPI,32490.8,INR,Success
TXN00000436,ACC000915,2023-03-27T06:23:25.000Z,Withdrawal,ATM,21661.15,INR,Success
TXN00000437,ACC000104,2026-02-11T03:36:04.484Z,Credit,Net Banking,75946,INR,Success
TXN00000438,ACC000215,2026-03-03T03:36:04.484Z,Debit,ATM,48610.8,INR,Success
TXN00000439,ACC000628,2026-02-04T03:36:04.484Z,Debit,Net Banking,1423.3,INR,Success
TXN00000440,ACC000726,2023-01-09T05:44:56.000Z,Withdrawal,POS,7646.83,INR,Success
TXN00000441,ACC000206,2023-12-04T22:41:49.000Z,Deposit,ATM,0,INR,Success
TXN00000442,ACC000530,2023-02-09T21:34:02.000Z,Transfer,POS,78959.91,INR,Success
TXN00000443,ACC000953,2023-11-04T21:31:17.000Z,Credit,UPI,5640.01,INR,Success
TXN00000444,ACC000151,2023-01-07T08:20:25.000Z,Credit,UPI,8784.96,INR,Success
TXN00000445,ACC000760,2023-02-09T18:15:54.000Z,Deposit,UPI,33106.99,USD,Pending
TXN00000446,ACC000412,2023-01-08T03:09:58.000Z,Transfer,Net Banking,0,INR,Success
TXN00000447,ACC000337,2023-01-09T14:03:08.000Z,Withdrawal,Mobile,28306.99,EUR,Success
TXN00000448,ACC000449,2023-08-06T15:02:05.000Z,Withdrawal,Branch,64979.77,EUR,Success
TXN00000449,ACC000360,2023-01-05T12:53:05.000Z,Debit,UPI,43700.73,INR,Success
TXN00000450,ACC000644,2023-02-14T23:12:11.000Z,Debit,Branch,0,INR,Success
TXN00000451,ACC000950,2023-12-04T06:56:27.000Z,Withdrawal,Mobile,14860.29,INR,Success
TXN00000452,ACC000397,2023-04-28T10:54:52.000Z,Credit,Branch,53213.48,INR,Success
TXN00000453,ACC000785,2023-06-18T13:08:02.000Z,Deposit,POS,52554.79,INR,Failed
TXN00000454,ACC000256,2023-04-11T12:49:49.000Z,Transfer,Mobile,5564.45,INR,Success
TXN00000455,ACC000661,2023-11-13T23:19:54.000Z,Withdrawal,ATM,21199.5,INR,Pending
TXN00000456,ACC000714,2023-05-25T11:08:49.000Z,Credit,Mobile,56835.65,INR,Success
TXN00000457,ACC000010,2023-02-18T22:56:20.000Z,Debit,UPI,5278.15,INR,Success
TXN00000458,ACC000010,2023-10-21T05:00:19.000Z,Credit,Branch,9537.13,INR,Failed
TXN00000459,ACC000792,2023-12-28T06:39:50.000Z,Deposit,Mobile,33808.22,INR,Reversed
TXN00000460,ACC000492,2023-10-15T09:10:35.000Z,Transfer,Net Banking,94681.09,INR,Success
TXN00000461,ACC000055,2023-08-22T18:16:03.000Z,Withdrawal,ATM,0,INR,Success
TXN00000462,ACC000791,2023-09-26T19:54:44.000Z,Debit,Mobile,12782.21,INR,Success
TXN00000463,ACC000833,2023-04-21T09:13:22.000Z,Deposit,POS,0,INR,Success
TXN00000464,ACC000155,2023-03-14T19:36:02.000Z,Debit,POS,33584.08,INR,Success
TXN00000465,ACC000749,2023-12-10T12:02:14.000Z,Withdrawal,POS,0,INR,Failed
TXN00000466,ACC000486,2023-02-05T09:08:56.000Z,Debit,Mobile,0,INR,Reversed
TXN00000467,ACC000882,2023-10-18T04:36:17.000Z,Withdrawal,ATM,28436.93,INR,Success
TXN00000468,ACC000494,2026-03-01T03:36:04.484Z,Transfer,Branch,0,USD,Success
TXN00000469,ACC000440,2023-08-28T14:19:29.000Z,Transfer,Net Banking,63681.46,INR,Success
TXN00000470,ACC000609,2023-04-24T00:50:24.000Z,Deposit,Net Banking,52997.75,INR,Success
TXN00000471,ACC000230,2023-03-18T21:42:52.000Z,Debit,Branch,36796.32,INR,Success
TXN00000472,ACC000770,2023-12-19T09:48:00.000Z,Deposit,Mobile,34847.1,INR,Success
TXN00000473,ACC000959,2023-09-26T19:36:20.000Z,Withdrawal,Net Banking,45190.16,EUR,Success
TXN00000474,ACC000259,2023-06-19T10:13:38.000Z,Transfer,ATM,99438.07,INR,Failed
TXN00000475,ACC000884,2023-07-17T08:44:29.000Z,Credit,UPI,4950.83,INR,Success
TXN00000476,ACC000158,2023-04-15T10:16:39.000Z,Withdrawal,Net Banking,13674.86,INR,Success
TXN00000477,ACC000537,2023-04-16T17:44:23.000Z,Credit,UPI,93654.14,INR,Success
TXN00000478,ACC000489,2023-02-17T18:29:23.000Z,Debit,POS,94833.52,INR,Failed
TXN00000479,ACC000496,2023-12-11T09:02:53.000Z,Deposit,Net Banking,26108.18,USD,Success
TXN00000480,ACC000320,2023-01-14T18:36:14.000Z,Debit,Net Banking,3014.58,INR,Success
TXN00000481,ACC000105,2023-01-19T20:43:07.000Z,Withdrawal,Mobile,53252.58,INR,Success
TXN00000482,ACC000327,2023-05-27T18:36:18.000Z,Debit,ATM,80080.8,INR,Success
TXN00000483,ACC000781,2023-06-27T23:00:26.000Z,Deposit,POS,56332.67,INR,Success
TXN00000484,ACC000720,2023-08-16T21:19:44.000Z,Credit,POS,15274.44,INR,Success
TXN00000485,ACC000055,2023-08-02T23:51:19.000Z,Credit,ATM,15859.91,GBP,Success
TXN00000486,ACC000620,2023-10-11T03:46:39.000Z,Withdrawal,Mobile,21707.54,INR,Success
TXN00000487,ACC000262,2023-01-06T22:24:19.000Z,Debit,Mobile,0,GBP,Success
TXN00000488,ACC000282,2023-07-15T17:49:38.000Z,Transfer,POS,70069.58,INR,Success
TXN00000489,ACC000763,2023-05-07T01:49:52.000Z,Deposit,POS,80644.97,INR,Success
TXN00000490,ACC000934,2023-09-16T07:13:32.000Z,Deposit,Branch,99631.64,INR,Pending
TXN00000491,ACC000861,2023-06-15T06:55:36.000Z,Debit,UPI,47902.78,INR,Success
TXN00000492,ACC000591,2023-05-08T10:38:09.000Z,Deposit,Mobile,30255.36,INR,Reversed
TXN00000493,ACC000315,2023-10-09T19:51:42.000Z,Debit,Branch,71373.62,USD,Success
TXN00000494,ACC000865,2023-10-23T18:58:13.000Z,Withdrawal,UPI,48724.72,INR,Success
TXN00000495,ACC000829,2023-11-15T06:28:00.000Z,Debit,Net Banking,0,EUR,Reversed
TXN00000496,ACC000091,2023-05-05T18:51:49.000Z,Deposit,POS,51974.32,INR,Success
TXN00000497,ACC000329,2023-03-12T19:03:45.000Z,Deposit,ATM,18858.27,INR,Success
TXN00000498,ACC000323,2023-06-10T11:48:48.000Z,Transfer,Mobile,13471.23,EUR,Success
TXN00000499,ACC000083,2023-12-20T01:46:40.000Z,Withdrawal,UPI,4577.22,INR,Success
TXN00000500,ACC000889,2023-08-11T06:35:16.000Z,Withdrawal,UPI,99881.31,INR,Success
TXN00000501,ACC000272,2023-03-06T10:57:04.000Z,Transfer,Branch,20282.15,GBP,Success
TXN00000502,ACC000338,2023-06-13T08:57:54.000Z,Credit,POS,26710.79,EUR,Pending
TXN00000503,ACC000233,2023-08-21T22:28:58.000Z,Transfer,Branch,89382.59,INR,Success
TXN00000504,ACC000214,2023-05-05T10:23:13.000Z,Debit,POS,25666.06,INR,Success
TXN00000505,ACC000697,2023-08-05T19:46:45.000Z,Transfer,UPI,20655.82,INR,Success
TXN00000506,ACC000439,2023-12-12T19:21:32.000Z,Deposit,Mobile,15544.9,EUR,Success
TXN00000507,ACC000160,2023-12-11T21:39:09.000Z,Transfer,Net Banking,0,INR,Success
TXN00000508,ACC000810,2023-10-09T18:20:16.000Z,Deposit,Mobile,63081.81,GBP,Success
TXN00000509,ACC000414,2023-02-02T08:46:00.000Z,Withdrawal,UPI,0,INR,Success
TXN00000510,ACC000896,2023-12-13T12:13:44.000Z,Transfer,Mobile,51029.68,INR,Success
TXN00000511,ACC000637,2023-12-27T12:07:49.000Z,Transfer,UPI,22988.34,INR,Pending
TXN00000512,ACC000901,2023-10-08T20:19:18.000Z,Withdrawal,POS,75014.51,INR,Success
TXN00000513,ACC000392,2023-12-22T01:44:56.000Z,Debit,Branch,41805.86,INR,Reversed
TXN00000514,ACC000976,2026-02-17T03:36:04.484Z,Debit,Mobile,1977.8,INR,Success
TXN00000515,ACC000349,2023-06-07T20:07:35.000Z,Transfer,POS,92913.41,INR,Success
TXN00000516,ACC000948,2023-08-23T13:31:58.000Z,Withdrawal,Net Banking,23192.32,INR,Success
TXN00000517,ACC000928,2023-09-16T09:16:45.000Z,Deposit,Net Banking,28706.65,INR,Success
TXN00000518,ACC000549,2026-03-03T03:36:04.484Z,Transfer,Net Banking,15450.48,INR,Success
TXN00000519,ACC000436,2023-02-03T20:00:37.000Z,Transfer,Mobile,0,INR,Success
TXN00000520,ACC000584,2026-02-28T03:36:04.484Z,Debit,Mobile,22114.75,INR,Success
TXN00000521,ACC000868,2023-03-01T11:39:55.000Z,Deposit,ATM,90739.44,INR,Failed
TXN00000522,ACC000480,2023-03-22T13:54:54.000Z,Withdrawal,Branch,62223.79,INR,Success
TXN00000523,ACC000456,2026-02-25T03:36:04.484Z,Transfer,POS,56453.78,USD,Success
TXN00000524,ACC000764,2023-12-17T18:12:49.000Z,Debit,UPI,4657.23,INR,Success
TXN00000525,ACC000435,2023-12-25T19:06:59.000Z,Withdrawal,Mobile,93089.23,INR,Reversed
TXN00000526,ACC000408,2026-02-10T03:36:04.484Z,Deposit,ATM,93147.91,INR,Failed
TXN00000527,ACC000116,2023-03-06T09:18:46.000Z,Transfer,POS,28763.41,INR,Success
TXN00000528,ACC000940,2023-01-15T03:54:08.000Z,Transfer,Branch,13165.82,INR,Success
TXN00000529,ACC000471,2023-10-06T03:49:38.000Z,Deposit,Mobile,67779.77,INR,Success
TXN00000530,ACC000845,2023-03-21T23:23:19.000Z,Credit,Branch,85640.7,INR,Success
TXN00000531,ACC000359,2023-05-08T10:40:32.000Z,Transfer,Branch,2347.56,INR,Success
TXN00000532,ACC000823,2023-11-13T00:05:53.000Z,Transfer,ATM,49228.12,INR,Success
TXN00000533,ACC000316,2023-09-15T09:58:40.000Z,Debit,ATM,99240.6,INR,Pending
TXN00000534,ACC000164,2023-08-19T13:35:50.000Z,Deposit,Net Banking,91880.16,INR,Success
TXN00000535,ACC000745,2023-07-20T08:25:03.000Z,Credit,ATM,38183.75,INR,Success
TXN00000536,ACC000152,2023-03-14T09:54:15.000Z,Credit,POS,39956.69,INR,Reversed
TXN00000537,ACC000604,2026-02-16T03:36:04.484Z,Deposit,ATM,0,INR,Reversed
TXN00000538,ACC000640,2026-02-16T03:36:04.484Z,Transfer,Branch,44142.97,INR,Success
TXN00000539,ACC000752,2023-01-21T08:49:32.000Z,Deposit,Branch,32560.49,INR,Success
TXN00000540,ACC000983,2023-05-23T02:24:20.000Z,Credit,Net Banking,54257.64,INR,Failed
TXN00000541,ACC000866,2023-08-10T14:02:38.000Z,Credit,Net Banking,39737.51,INR,Success
TXN00000542,ACC000425,2026-02-11T03:36:04.484Z,Credit,Net Banking,26629.73,INR,Success
TXN00000543,ACC000363,2023-05-04T08:51:37.000Z,Credit,Mobile,33617.18,INR,Success
TXN00000544,ACC000893,2023-01-08T16:00:19.000Z,Withdrawal,UPI,27276.41,INR,Success
TXN00000545,ACC000407,2023-08-06T04:57:41.000Z,Debit,Branch,0,INR,Success
TXN00000546,ACC000922,2023-04-04T11:24:54.000Z,Transfer,POS,68515.84,INR,Success
TXN00000547,ACC000635,2023-09-09T16:32:03.000Z,Deposit,POS,91547.35,INR,Success
TXN00000548,ACC000649,2023-09-09T10:32:56.000Z,Deposit,POS,71800.71,INR,Success
TXN00000549,ACC000990,2023-10-19T13:09:42.000Z,Withdrawal,Mobile,7597.28,INR,Failed
TXN00000550,ACC000748,2023-12-20T20:07:35.000Z,Transfer,ATM,31994.68,INR,Pending
TXN00000551,ACC000538,2023-11-09T04:22:42.000Z,Credit,Net Banking,2198.64,INR,Success
TXN00000552,ACC000117,2023-06-05T10:11:45.000Z,Deposit,Mobile,74009.03,INR,Success
TXN00000553,ACC000763,2023-10-06T18:49:37.000Z,Transfer,Net Banking,51506.94,INR,Success
TXN00000554,ACC000092,2023-08-25T21:59:40.000Z,Credit,ATM,95349.22,INR,Success
TXN00000555,ACC000481,2023-03-21T12:20:11.000Z,Debit,POS,10262.43,INR,Success
TXN00000556,ACC000358,2026-02-28T03:36:04.484Z,Withdrawal,Net Banking,67446.15,INR,Success
TXN00000557,ACC000651,2023-07-19T05:32:37.000Z,Credit,ATM,83102.7,INR,Failed
TXN00000558,ACC000736,2023-03-24T12:11:39.000Z,Debit,Branch,54337.52,USD,Success
TXN00000559,ACC000867,2023-01-17T08:37:51.000Z,Credit,Net Banking,91455.87,USD,Failed
TXN00000560,ACC000238,2023-04-14T17:48:20.000Z,Transfer,Branch,25295.27,INR,Success
TXN00000561,ACC000391,2023-07-13T19:28:45.000Z,Debit,UPI,72097.98,INR,Success
TXN00000562,ACC000571,2023-02-13T07:59:10.000Z,Deposit,POS,69150.37,INR,Success
TXN00000563,ACC000076,2023-07-18T11:02:59.000Z,Credit,Mobile,54409.05,INR,Success
TXN00000564,ACC000061,2023-02-09T19:01:46.000Z,Deposit,ATM,0,INR,Failed
TXN00000565,ACC000547,2023-10-19T04:52:16.000Z,Deposit,Mobile,0,EUR,Success
TXN00000566,ACC000949,2023-04-25T21:25:51.000Z,Debit,POS,80763.52,INR,Success
TXN00000567,ACC000801,2026-02-15T03:36:04.485Z,Debit,Net Banking,44126.82,INR,Success
TXN00000568,ACC000696,2023-09-05T18:28:28.000Z,Transfer,UPI,10314.82,INR,Success
TXN00000569,ACC000701,2023-12-15T13:55:26.000Z,Deposit,Net Banking,67760.55,INR,Success
TXN00000570,ACC000031,2023-07-09T17:55:20.000Z,Debit,Net Banking,75704.98,INR,Success
TXN00000571,ACC000914,2023-08-12T16:56:50.000Z,Deposit,UPI,78136.87,INR,Pending
TXN00000572,ACC000925,2023-12-12T11:21:24.000Z,Deposit,Mobile,38233.66,INR,Success
TXN00000573,ACC000295,2023-01-27T09:22:18.000Z,Deposit,ATM,5450.63,INR,Pending
TXN00000574,ACC000133,2026-02-20T03:36:04.485Z,Transfer,Mobile,90680.25,INR,Success
TXN00000575,ACC000121,2023-08-03T00:11:08.000Z,Credit,UPI,57717.89,USD,Failed
TXN00000576,ACC000596,2023-04-13T01:38:27.000Z,Deposit,Net Banking,93033,INR,Success
TXN00000577,ACC000753,2026-02-24T03:36:04.485Z,Credit,Branch,38353.71,INR,Failed
TXN00000578,ACC000913,2023-10-18T09:56:49.000Z,Deposit,Branch,72760.51,INR,Success
TXN00000579,ACC000546,2023-04-20T02:19:26.000Z,Withdrawal,POS,66583.21,INR,Success
TXN00000580,ACC000528,2023-03-07T21:23:40.000Z,Debit,Branch,68646.65,INR,Failed
TXN00000581,ACC000233,2023-08-06T06:01:53.000Z,Credit,Net Banking,41912.22,INR,Success
TXN00000582,ACC000473,2023-08-12T15:49:47.000Z,Deposit,Mobile,19240.41,INR,Success
TXN00000583,ACC000581,2023-05-01T20:41:26.000Z,Credit,Branch,58137.88,INR,Success
TXN00000584,ACC000381,2026-02-27T03:36:04.485Z,Debit,Branch,24348.24,INR,Success
TXN00000585,ACC000926,2023-04-16T01:43:20.000Z,Credit,ATM,83915.15,INR,Success
TXN00000586,ACC000924,2023-11-03T00:56:34.000Z,Withdrawal,POS,86727.91,INR,Success
TXN00000587,ACC000200,2023-10-17T14:20:35.000Z,Transfer,Mobile,63691.59,INR,Success
TXN00000588,ACC000965,2023-06-21T12:40:21.000Z,Debit,UPI,47099.31,INR,Failed
TXN00000589,ACC000056,2023-04-15T01:14:37.000Z,Transfer,POS,5388.33,INR,Success
TXN00000590,ACC000862,2023-05-23T22:50:19.000Z,Credit,Mobile,98188.41,EUR,Pending
TXN00000591,ACC000373,2023-10-12T13:24:22.000Z,Withdrawal,POS,76208.95,INR,Success
TXN00000592,ACC000330,2023-10-10T01:57:27.000Z,Debit,ATM,774.64,INR,Success
TXN00000593,ACC000641,2023-04-26T12:53:52.000Z,Deposit,Net Banking,64237.44,INR,Success
TXN00000594,ACC000313,2023-02-24T22:57:34.000Z,Credit,POS,59574.66,INR,Success
TXN00000595,ACC000622,2023-11-03T04:14:07.000Z,Deposit,Net Banking,40202.61,INR,Success
TXN00000596,ACC000875,2023-03-10T13:20:50.000Z,Withdrawal,ATM,37897.32,USD,Success
TXN00000597,ACC000243,2023-01-13T19:59:09.000Z,Deposit,Mobile,37972.43,INR,Success
TXN00000598,ACC000013,2023-07-10T08:55:03.000Z,Credit,Branch,93671.56,INR,Success
TXN00000599,ACC000714,2023-01-16T13:53:38.000Z,Debit,ATM,0,INR,Failed
TXN00000600,ACC000995,2023-05-06T06:30:21.000Z,Transfer,POS,1997.74,INR,Success
TXN00000601,ACC000742,2023-06-16T13:17:57.000Z,Debit,UPI,31601.08,INR,Failed
TXN00000602,ACC000157,2023-09-18T14:36:29.000Z,Debit,Mobile,57903.83,INR,Success
TXN00000603,ACC000147,2023-09-17T15:15:34.000Z,Withdrawal,Net Banking,17531.1,INR,Success
TXN00000604,ACC000946,2023-03-19T04:25:16.000Z,Withdrawal,Mobile,77004.24,INR,Success
TXN00000605,ACC000269,2023-06-22T00:49:54.000Z,Debit,UPI,87561.58,EUR,Success
TXN00000606,ACC000711,2023-04-15T23:03:54.000Z,Credit,UPI,87789.54,INR,Pending
TXN00000607,ACC000639,2023-07-01T17:09:39.000Z,Credit,Mobile,962.18,GBP,Failed
TXN00000608,ACC000449,2023-04-28T17:02:41.000Z,Withdrawal,POS,83771.07,INR,Success
TXN00000609,ACC000245,2023-08-18T21:37:13.000Z,Deposit,POS,23409.53,INR,Success
TXN00000610,ACC000795,2023-06-20T11:20:25.000Z,Deposit,Net Banking,81916.94,EUR,Success
TXN00000611,ACC000104,2023-07-04T06:53:23.000Z,Credit,Net Banking,81489.42,GBP,Failed
TXN00000612,ACC000156,2023-09-16T19:00:24.000Z,Deposit,POS,30841.11,INR,Failed
TXN00000613,ACC000106,2023-10-12T21:51:01.000Z,Deposit,ATM,6735.84,INR,Success
TXN00000614,ACC000241,2023-05-22T04:27:04.000Z,Debit,POS,26105.85,INR,Success
TXN00000615,ACC000452,2023-03-27T13:56:57.000Z,Credit,POS,52063.27,INR,Success
TXN00000616,ACC000664,2026-02-24T03:36:04.485Z,Credit,Mobile,68381.43,INR,Success
TXN00000617,ACC000734,2023-02-13T18:40:09.000Z,Transfer,POS,64110.59,EUR,Failed
TXN00000618,ACC000329,2023-01-26T13:07:11.000Z,Debit,Net Banking,57364.54,INR,Success
TXN00000619,ACC000995,2023-12-14T14:13:27.000Z,Credit,POS,66416.61,INR,Reversed
TXN00000620,ACC000314,2026-02-19T03:36:04.485Z,Transfer,ATM,12340.74,INR,Success
TXN00000621,ACC000449,2023-02-26T05:48:54.000Z,Withdrawal,Branch,73487.57,INR,Failed
TXN00000622,ACC000851,2023-02-01T20:19:46.000Z,Transfer,Branch,90938.35,INR,Success
TXN00000623,ACC000266,2023-11-14T00:40:40.000Z,Debit,Mobile,0,INR,Success
TXN00000624,ACC000812,2023-02-18T06:14:43.000Z,Withdrawal,Branch,14089.88,INR,Success
TXN00000625,ACC000311,2023-08-21T22:46:30.000Z,Debit,Mobile,40479.29,INR,Success
TXN00000626,ACC000329,2023-02-07T18:59:04.000Z,Debit,ATM,52525.57,EUR,Success
TXN00000627,ACC000474,2023-08-03T15:10:46.000Z,Credit,POS,1417.91,INR,Success
TXN00000628,ACC000481,2023-12-22T23:37:39.000Z,Credit,Branch,47245.9,INR,Pending
TXN00000629,ACC000037,2023-07-27T14:49:24.000Z,Debit,Branch,16035.23,INR,Success
TXN00000630,ACC000288,2026-02-04T03:36:04.485Z,Debit,UPI,0,INR,Pending
TXN00000631,ACC000370,2023-11-09T09:15:08.000Z,Deposit,Mobile,49508.26,USD,Success
TXN00000632,ACC000513,2023-12-21T22:00:06.000Z,Debit,Net Banking,76831.89,INR,Failed
TXN00000633,ACC000423,2026-02-16T03:36:04.485Z,Debit,Branch,26260.9,INR,Success
TXN00000634,ACC000922,2023-07-28T18:11:47.000Z,Credit,Net Banking,67443.26,GBP,Success
TXN00000635,ACC000329,2023-08-19T15:11:09.000Z,Credit,Net Banking,88956.35,INR,Success
TXN00000636,ACC000926,2023-09-09T03:02:27.000Z,Deposit,Mobile,23936.47,INR,Success
TXN00000637,ACC000369,2026-02-25T03:36:04.485Z,Withdrawal,UPI,19188.43,INR,Success
TXN00000638,ACC000769,2023-08-28T20:23:55.000Z,Transfer,Mobile,12687.64,INR,Success
TXN00000639,ACC000721,2023-08-22T16:18:30.000Z,Debit,POS,55970.4,INR,Reversed
TXN00000640,ACC000029,2023-01-03T18:09:57.000Z,Debit,POS,72315.53,INR,Success
TXN00000641,ACC000926,2023-07-24T21:00:07.000Z,Withdrawal,Mobile,12394.15,GBP,Success
TXN00000642,ACC000936,2026-02-10T03:36:04.485Z,Debit,ATM,38910.32,INR,Success
TXN00000643,ACC000083,2023-01-28T18:51:57.000Z,Credit,ATM,13984,INR,Failed
TXN00000644,ACC000091,2023-11-12T18:44:17.000Z,Withdrawal,Branch,78190.96,INR,Success
TXN00000645,ACC000561,2023-04-15T09:04:42.000Z,Credit,UPI,47494.1,INR,Success
TXN00000646,ACC000192,2023-05-22T07:53:54.000Z,Credit,Net Banking,42135.89,GBP,Failed
TXN00000647,ACC000635,2026-02-24T03:36:04.485Z,Transfer,Mobile,5135.13,INR,Success
TXN00000648,ACC000234,2023-07-13T23:50:03.000Z,Debit,Mobile,70364.22,INR,Pending
TXN00000649,ACC000824,2023-07-12T04:21:43.000Z,Deposit,ATM,0,INR,Success
TXN00000650,ACC000338,2023-09-13T11:07:35.000Z,Deposit,UPI,56987.82,INR,Reversed
TXN00000651,ACC000389,2023-01-02T09:20:56.000Z,Credit,POS,80091.67,INR,Success
TXN00000652,ACC000197,2023-07-23T11:01:52.000Z,Credit,Mobile,94874.09,INR,Success
TXN00000653,ACC000138,2023-11-01T13:13:28.000Z,Withdrawal,POS,40253.7,INR,Success
TXN00000654,ACC000126,2023-02-26T07:11:58.000Z,Debit,Mobile,65539.89,INR,Success
TXN00000655,ACC000624,2023-01-23T23:40:52.000Z,Withdrawal,ATM,86091.37,INR,Success
TXN00000656,ACC000955,2023-05-12T19:24:37.000Z,Deposit,Net Banking,50074.21,INR,Success
TXN00000657,ACC000035,2023-10-10T07:44:36.000Z,Debit,ATM,21118.05,INR,Success
TXN00000658,ACC000358,2023-09-27T20:13:25.000Z,Credit,Mobile,73250.21,USD,Success
TXN00000659,ACC000232,2023-08-12T04:34:36.000Z,Credit,UPI,3478.27,INR,Failed
TXN00000660,ACC000125,2023-08-19T09:56:16.000Z,Withdrawal,UPI,77308.28,INR,Success
TXN00000661,ACC000785,2023-02-18T18:09:43.000Z,Deposit,ATM,15190.97,INR,Success
TXN00000662,ACC000956,2023-01-22T01:30:08.000Z,Debit,POS,0,INR,Success
TXN00000663,ACC000100,2026-02-03T03:36:04.485Z,Deposit,ATM,73466.88,INR,Success
TXN00000664,ACC000517,2023-10-13T02:56:55.000Z,Transfer,POS,24308.66,INR,Success
TXN00000665,ACC000023,2023-11-06T20:59:14.000Z,Credit,UPI,27993.17,INR,Success
TXN00000666,ACC000263,2023-12-01T00:36:48.000Z,Credit,UPI,84308.52,INR,Success
TXN00000667,ACC000213,2023-01-20T06:21:52.000Z,Withdrawal,Branch,4692.65,INR,Success
TXN00000668,ACC000968,2026-02-12T03:36:04.485Z,Credit,POS,4469.7,INR,Pending
TXN00000669,ACC000737,2026-02-22T03:36:04.485Z,Deposit,UPI,84786.75,INR,Success
TXN00000670,ACC000627,2023-11-20T17:42:15.000Z,Deposit,Mobile,7608.31,INR,Success
TXN00000671,ACC000613,2023-01-21T07:34:11.000Z,Transfer,POS,56489.15,INR,Success
TXN00000672,ACC000030,2023-12-10T06:25:23.000Z,Credit,Mobile,0,INR,Success
TXN00000673,ACC000537,2023-03-11T01:46:03.000Z,Transfer,UPI,64978,INR,Success
TXN00000674,ACC000506,2026-02-13T03:36:04.485Z,Deposit,Branch,0,USD,Success
TXN00000675,ACC001000,2023-10-01T00:57:23.000Z,Credit,ATM,0,INR,Success
TXN00000676,ACC000748,2023-07-18T14:54:40.000Z,Transfer,Mobile,90579.8,INR,Success
TXN00000677,ACC000707,2023-05-11T05:34:42.000Z,Debit,Mobile,43925.36,INR,Success
TXN00000678,ACC000639,2023-04-01T15:12:25.000Z,Withdrawal,UPI,16997.6,USD,Success
TXN00000679,ACC000532,2023-04-20T17:35:31.000Z,Transfer,POS,13992.48,INR,Success
TXN00000680,ACC000508,2023-09-10T01:41:58.000Z,Deposit,ATM,92921.23,INR,Failed
TXN00000681,ACC000048,2023-06-08T19:27:17.000Z,Credit,Mobile,67440.34,INR,Success
TXN00000682,ACC000897,2023-08-16T16:47:34.000Z,Debit,Branch,11736.88,GBP,Failed
TXN00000683,ACC000503,2023-07-26T19:37:40.000Z,Deposit,POS,25515.39,INR,Success
TXN00000684,ACC000776,2023-06-16T21:15:26.000Z,Credit,Mobile,72521.14,USD,Success
TXN00000685,ACC000941,2023-11-07T13:14:39.000Z,Debit,POS,39611.42,INR,Failed
TXN00000686,ACC000644,2023-09-19T20:40:05.000Z,Credit,ATM,63523.9,INR,Failed
TXN00000687,ACC000223,2023-10-10T06:53:23.000Z,Deposit,Branch,1997.84,INR,Success
TXN00000688,ACC000323,2023-04-21T08:46:22.000Z,Transfer,Branch,0,INR,Success
TXN00000689,ACC000094,2023-08-05T06:24:48.000Z,Transfer,POS,54251.39,INR,Success
TXN00000690,ACC000470,2023-11-10T00:13:04.000Z,Credit,Mobile,57419.89,INR,Failed
TXN00000691,ACC000053,2023-01-19T23:37:14.000Z,Debit,POS,0,INR,Success
TXN00000692,ACC000209,2023-01-28T19:41:03.000Z,Deposit,Mobile,73680.25,INR,Success
TXN00000693,ACC000186,2023-05-27T14:20:09.000Z,Debit,POS,90479.89,INR,Success
TXN00000694,ACC000064,2023-08-06T07:16:15.000Z,Debit,UPI,1379.66,INR,Failed
TXN00000695,ACC000647,2023-02-03T21:20:07.000Z,Credit,ATM,6336.35,INR,Failed
TXN00000696,ACC000737,2026-02-22T03:36:04.485Z,Credit,Branch,29530.3,INR,Success
TXN00000697,ACC000982,2023-11-08T04:07:19.000Z,Deposit,Mobile,4744.06,INR,Success
TXN00000698,ACC000432,2023-10-11T11:02:41.000Z,Credit,Branch,33160.28,INR,Success
TXN00000699,ACC000786,2023-06-25T09:57:57.000Z,Credit,UPI,80886.72,INR,Success
TXN00000700,ACC000537,2026-02-17T03:36:04.485Z,Withdrawal,ATM,3474.48,USD,Success
TXN00000701,ACC000207,2026-02-12T03:36:04.485Z,Withdrawal,POS,39834.01,INR,Success
TXN00000702,ACC000994,2023-02-10T20:05:03.000Z,Withdrawal,Net Banking,0,INR,Reversed
TXN00000703,ACC000861,2023-01-03T23:40:42.000Z,Deposit,Mobile,74716.12,INR,Success
TXN00000704,ACC000491,2023-10-07T09:02:25.000Z,Withdrawal,Net Banking,70541.89,INR,Success
TXN00000705,ACC000460,2026-02-11T03:36:04.485Z,Debit,ATM,98335.55,INR,Success
TXN00000706,ACC000036,2023-07-12T07:54:09.000Z,Transfer,Mobile,55419.63,INR,Success
TXN00000707,ACC000176,2026-02-06T03:36:04.485Z,Credit,ATM,49094.46,EUR,Success
TXN00000708,ACC000444,2023-10-08T15:35:31.000Z,Withdrawal,Mobile,51256.73,INR,Failed
TXN00000709,ACC000543,2026-02-16T03:36:04.485Z,Deposit,POS,27375.76,INR,Success
TXN00000710,ACC000285,2023-10-03T22:16:50.000Z,Withdrawal,UPI,58986.73,INR,Success
TXN00000711,ACC000762,2026-02-05T03:36:04.485Z,Credit,UPI,65985.83,INR,Failed
TXN00000712,ACC000105,2023-06-20T01:19:43.000Z,Transfer,Mobile,1331.87,INR,Success
TXN00000713,ACC000676,2023-04-03T22:03:28.000Z,Deposit,Branch,81052.92,INR,Success
TXN00000714,ACC000234,2023-02-20T08:03:23.000Z,Deposit,Mobile,48813.96,GBP,Success
TXN00000715,ACC000947,2023-10-20T06:50:49.000Z,Debit,UPI,0,INR,Success
TXN00000716,ACC000188,2023-03-03T21:07:47.000Z,Transfer,Mobile,80930.18,INR,Failed
TXN00000717,ACC000565,2023-12-07T01:05:40.000Z,Deposit,Branch,80301.26,INR,Success
TXN00000718,ACC000620,2023-07-25T22:14:38.000Z,Transfer,UPI,21973.19,INR,Failed
TXN00000719,ACC000736,2026-02-16T03:36:04.485Z,Withdrawal,Branch,37050.33,INR,Success
TXN00000720,ACC000483,2023-05-22T12:28:18.000Z,Transfer,Branch,60652.07,INR,Success
TXN00000721,ACC000156,2023-04-17T18:31:44.000Z,Withdrawal,ATM,40370.53,INR,Success
TXN00000722,ACC000719,2026-02-24T03:36:04.485Z,Debit,UPI,0,INR,Success
TXN00000723,ACC000711,2023-05-18T07:21:53.000Z,Withdrawal,Net Banking,44561.76,INR,Success
TXN00000724,ACC000950,2023-04-14T04:48:57.000Z,Transfer,Mobile,38643.45,INR,Success
TXN00000725,ACC000667,2023-11-24T10:28:34.000Z,Debit,UPI,1510.87,INR,Success
TXN00000726,ACC000443,2023-06-23T19:49:16.000Z,Credit,Branch,35140.51,INR,Success
TXN00000727,ACC000185,2023-05-22T13:47:34.000Z,Credit,Net Banking,20277.62,INR,Success
TXN00000728,ACC000619,2023-09-19T17:52:22.000Z,Withdrawal,ATM,54501.87,INR,Success
TXN00000729,ACC000869,2023-03-12T14:09:00.000Z,Deposit,POS,0,INR,Failed
TXN00000730,ACC000156,2023-02-26T17:21:58.000Z,Transfer,UPI,33564.88,INR,Success
TXN00000731,ACC000602,2026-03-02T03:36:04.485Z,Withdrawal,Mobile,13869.81,INR,Success
TXN00000732,ACC000854,2023-11-05T03:32:50.000Z,Transfer,Mobile,44590.59,INR,Success
TXN00000733,ACC000343,2023-11-04T22:24:46.000Z,Debit,Net Banking,87228.2,USD,Success
TXN00000734,ACC000765,2026-02-18T03:36:04.485Z,Withdrawal,ATM,47263.11,INR,Reversed
TXN00000735,ACC000901,2023-04-12T08:51:41.000Z,Transfer,Net Banking,54761.1,INR,Success
TXN00000736,ACC000662,2023-03-27T07:52:22.000Z,Withdrawal,Branch,93594.8,INR,Success
TXN00000737,ACC000882,2023-11-26T15:15:31.000Z,Credit,Branch,39063.57,INR,Success
TXN00000738,ACC000918,2023-11-26T10:50:45.000Z,Withdrawal,Net Banking,16639.97,INR,Success
TXN00000739,ACC000162,2023-12-19T16:38:59.000Z,Transfer,UPI,0,INR,Success
TXN00000740,ACC000795,2023-11-04T01:30:59.000Z,Deposit,POS,0,INR,Success
TXN00000741,ACC000472,2023-04-01T22:54:57.000Z,Debit,ATM,74878.01,INR,Success
TXN00000742,ACC000687,2026-03-04T03:36:04.485Z,Credit,Net Banking,42857.81,INR,Success
TXN00000743,ACC000640,2023-09-14T05:03:35.000Z,Debit,Branch,86712.87,INR,Success
TXN00000744,ACC000106,2023-03-17T22:09:07.000Z,Deposit,ATM,88687.45,INR,Failed
TXN00000745,ACC000867,2023-11-23T00:55:50.000Z,Credit,POS,56682.08,INR,Success
TXN00000746,ACC000998,2023-03-07T04:17:50.000Z,Withdrawal,ATM,94390.33,INR,Success
TXN00000747,ACC000155,2023-03-02T19:51:19.000Z,Withdrawal,Net Banking,76388.31,USD,Reversed
TXN00000748,ACC000704,2023-08-16T22:47:05.000Z,Debit,Net Banking,6457.7,INR,Success
TXN00000749,ACC000159,2023-07-17T04:47:41.000Z,Debit,Net Banking,39378.97,INR,Success
TXN00000750,ACC000280,2023-09-14T12:57:38.000Z,Deposit,Net Banking,31745.7,INR,Pending
TXN00000751,ACC000846,2023-12-15T01:17:56.000Z,Transfer,Mobile,36523.57,INR,Success
TXN00000752,ACC000573,2023-10-27T13:36:31.000Z,Deposit,POS,45522.2,INR,Success
TXN00000753,ACC000277,2023-01-20T02:03:33.000Z,Debit,UPI,73247.94,INR,Success
TXN00000754,ACC000527,2023-05-05T17:03:54.000Z,Withdrawal,POS,47123.39,INR,Success
TXN00000755,ACC000581,2023-10-04T03:41:27.000Z,Debit,Mobile,19801.1,INR,Pending
TXN00000756,ACC000427,2023-04-27T00:36:42.000Z,Credit,POS,14370.28,GBP,Success
TXN00000757,ACC000671,2023-06-09T09:21:48.000Z,Withdrawal,Branch,22321.09,INR,Success
TXN00000758,ACC000343,2023-08-01T12:48:23.000Z,Transfer,Mobile,12982.51,EUR,Success
TXN00000759,ACC000717,2023-05-15T19:22:21.000Z,Deposit,Branch,80444.66,INR,Success
TXN00000760,ACC000858,2023-05-17T08:32:49.000Z,Deposit,ATM,0,INR,Success
TXN00000761,ACC000794,2023-12-06T02:15:17.000Z,Debit,ATM,39540.74,INR,Success
TXN00000762,ACC000645,2023-10-15T20:24:34.000Z,Transfer,ATM,11942.15,INR,Success
TXN00000763,ACC000303,2023-07-07T16:23:31.000Z,Withdrawal,POS,4475.16,INR,Success
TXN00000764,ACC000969,2023-01-09T19:30:04.000Z,Debit,ATM,87456.02,INR,Success
TXN00000765,ACC000745,2023-01-13T23:21:45.000Z,Credit,Branch,77046.84,INR,Success
TXN00000766,ACC000885,2023-06-21T01:48:13.000Z,Deposit,Mobile,11559.43,INR,Failed
TXN00000767,ACC000913,2023-12-21T15:57:02.000Z,Deposit,UPI,59156.39,INR,Success
TXN00000768,ACC000840,2026-02-16T03:36:04.485Z,Debit,Mobile,63477.84,INR,Success
TXN00000769,ACC000816,2023-09-07T23:52:59.000Z,Deposit,POS,86876.48,INR,Success
TXN00000770,ACC000978,2023-02-24T17:13:37.000Z,Transfer,UPI,77466.15,INR,Success
TXN00000771,ACC000816,2023-09-03T09:22:52.000Z,Debit,ATM,63204.59,GBP,Success
TXN00000772,ACC000719,2023-03-19T02:56:22.000Z,Deposit,ATM,81034.12,INR,Success
TXN00000773,ACC000789,2023-08-05T09:34:28.000Z,Credit,Mobile,87052.06,INR,Success
TXN00000774,ACC000951,2023-10-19T14:42:13.000Z,Debit,POS,87552.16,INR,Failed
TXN00000775,ACC000254,2023-01-16T04:19:11.000Z,Withdrawal,Branch,45107.02,INR,Success
TXN00000776,ACC000481,2023-03-01T15:15:55.000Z,Debit,POS,89747.65,INR,Pending
TXN00000777,ACC000067,2023-04-15T03:26:08.000Z,Transfer,Net Banking,57574.06,INR,Success
TXN00000778,ACC000941,2023-03-22T14:46:36.000Z,Debit,UPI,50538.33,INR,Success
TXN00000779,ACC000522,2023-07-25T07:04:00.000Z,Credit,Mobile,92927.74,INR,Failed
TXN00000780,ACC000685,2023-01-25T10:56:59.000Z,Credit,ATM,73372,INR,Success
TXN00000781,ACC000905,2023-02-03T05:34:32.000Z,Debit,POS,52566.95,INR,Failed
TXN00000782,ACC000213,2023-11-28T13:20:16.000Z,Withdrawal,Net Banking,0,INR,Reversed
TXN00000783,ACC000857,2026-02-09T03:36:04.485Z,Withdrawal,POS,95949.44,INR,Success
TXN00000784,ACC000586,2023-11-19T05:13:49.000Z,Transfer,Net Banking,76858.64,INR,Success
TXN00000785,ACC000468,2023-05-01T16:42:59.000Z,Debit,UPI,79433.7,INR,Success
TXN00000786,ACC000274,2023-06-05T12:37:58.000Z,Transfer,Branch,92458.14,INR,Success
TXN00000787,ACC000384,2023-03-18T20:01:16.000Z,Withdrawal,POS,27307.03,INR,Success
TXN00000788,ACC000791,2023-07-04T10:01:25.000Z,Deposit,Branch,64554.63,INR,Success
TXN00000789,ACC000628,2023-08-21T19:11:03.000Z,Credit,UPI,23292.72,INR,Success
TXN00000790,ACC000798,2023-04-26T12:19:36.000Z,Deposit,ATM,2403.63,INR,Failed
TXN00000791,ACC000499,2023-12-09T11:59:33.000Z,Debit,UPI,55335.48,INR,Failed
TXN00000792,ACC000865,2023-03-06T05:55:15.000Z,Withdrawal,ATM,94088.66,INR,Success
TXN00000793,ACC000474,2023-08-26T04:56:25.000Z,Credit,Net Banking,28439.97,INR,Reversed
TXN00000794,ACC000961,2023-07-18T19:58:36.000Z,Deposit,UPI,5792.39,INR,Success
TXN00000795,ACC000694,2023-10-07T18:54:00.000Z,Withdrawal,ATM,44986.33,INR,Success
TXN00000796,ACC000832,2023-07-17T07:04:19.000Z,Debit,Net Banking,83901,INR,Success
TXN00000797,ACC000248,2023-04-02T05:38:50.000Z,Deposit,Net Banking,45004.21,INR,Success
TXN00000798,ACC000720,2023-03-24T18:08:16.000Z,Transfer,Branch,16670.73,INR,Success
TXN00000799,ACC000358,2023-01-20T14:12:14.000Z,Credit,Mobile,72529.82,EUR,Success
TXN00000800,ACC000824,2023-10-11T00:44:29.000Z,Deposit,POS,4896.96,INR,Success
TXN00000801,ACC000918,2023-07-15T08:32:45.000Z,Withdrawal,UPI,87726.89,INR,Success
TXN00000802,ACC000500,2023-09-23T22:08:23.000Z,Transfer,Mobile,29204.68,INR,Pending
TXN00000803,ACC000420,2023-09-07T05:21:14.000Z,Debit,Net Banking,54570.69,INR,Success
TXN00000804,ACC000175,2023-11-19T09:41:47.000Z,Transfer,Net Banking,4321.57,INR,Failed
TXN00000805,ACC000180,2026-02-09T03:36:04.485Z,Debit,Net Banking,0,INR,Success
TXN00000806,ACC000709,2023-04-05T22:03:23.000Z,Debit,POS,88690.91,INR,Success
TXN00000807,ACC000933,2023-10-11T04:16:34.000Z,Transfer,Mobile,43537.23,GBP,Success
TXN00000808,ACC000662,2023-07-15T14:05:13.000Z,Credit,Branch,2212.12,INR,Reversed
TXN00000809,ACC000259,2023-05-16T04:43:54.000Z,Debit,POS,0,INR,Success
TXN00000810,ACC000040,2023-08-05T05:28:05.000Z,Debit,Net Banking,4468.21,INR,Success
TXN00000811,ACC000688,2023-08-23T02:31:22.000Z,Debit,Net Banking,6788.66,INR,Success
TXN00000812,ACC000333,2026-02-18T03:36:04.485Z,Deposit,ATM,78573.18,INR,Success
TXN00000813,ACC000490,2023-01-02T22:34:31.000Z,Credit,Branch,91146.52,INR,Failed
TXN00000814,ACC000065,2023-05-16T19:03:45.000Z,Debit,Mobile,60357.41,INR,Success
TXN00000815,ACC000007,2023-11-10T21:41:29.000Z,Transfer,Branch,0,INR,Success
TXN00000816,ACC000356,2023-02-20T02:59:47.000Z,Credit,Branch,95113.47,INR,Success
TXN00000817,ACC000261,2023-09-23T22:51:27.000Z,Debit,POS,40756.05,INR,Failed
TXN00000818,ACC000058,2023-05-19T01:19:29.000Z,Withdrawal,Branch,30497.58,INR,Success
TXN00000819,ACC000761,2023-02-21T15:44:48.000Z,Withdrawal,POS,88544.25,INR,Success
TXN00000820,ACC000061,2026-02-16T03:36:04.485Z,Deposit,Branch,55555.86,INR,Success
TXN00000821,ACC000883,2023-08-23T16:38:26.000Z,Deposit,UPI,41009.19,INR,Pending
TXN00000822,ACC000885,2023-05-22T07:09:06.000Z,Credit,ATM,89042.1,INR,Success
TXN00000823,ACC000002,2023-11-22T01:22:54.000Z,Debit,Net Banking,21792.38,EUR,Success
TXN00000824,ACC000588,2023-12-11T22:03:02.000Z,Withdrawal,Mobile,69231.36,INR,Success
TXN00000825,ACC000174,2023-11-12T20:27:17.000Z,Debit,Branch,85544.28,INR,Success
TXN00000826,ACC000323,2023-08-17T15:54:09.000Z,Transfer,Net Banking,10419.06,INR,Success
TXN00000827,ACC000650,2023-10-07T09:16:33.000Z,Deposit,ATM,91412.62,INR,Success
TXN00000828,ACC000926,2023-09-20T13:57:30.000Z,Deposit,Mobile,0,INR,Failed
TXN00000829,ACC000993,2023-11-17T04:11:10.000Z,Deposit,Net Banking,10005.68,USD,Failed
TXN00000830,ACC000135,2023-08-23T03:52:45.000Z,Credit,UPI,22563.72,INR,Success
TXN00000831,ACC000913,2023-03-08T20:04:41.000Z,Debit,Mobile,0,INR,Failed
TXN00000832,ACC000245,2023-08-01T22:29:22.000Z,Withdrawal,UPI,13109.74,INR,Success
TXN00000833,ACC000270,2023-06-16T15:24:21.000Z,Transfer,Branch,60019.77,INR,Success
TXN00000834,ACC000865,2023-02-25T20:35:46.000Z,Credit,Net Banking,4013.25,INR,Success
TXN00000835,ACC000726,2023-05-20T03:40:09.000Z,Credit,POS,2034.22,INR,Success
TXN00000836,ACC000837,2023-02-18T01:43:46.000Z,Transfer,Branch,31947.12,INR,Failed
TXN00000837,ACC000538,2023-06-09T22:52:55.000Z,Deposit,ATM,39604.8,INR,Success
TXN00000838,ACC000971,2023-09-16T19:11:19.000Z,Debit,Mobile,90792.61,INR,Success
TXN00000839,ACC000512,2023-08-03T11:21:29.000Z,Transfer,Net Banking,85471.36,INR,Pending
TXN00000840,ACC000379,2023-04-13T05:15:25.000Z,Transfer,POS,0,INR,Success
TXN00000841,ACC000328,2026-02-26T03:36:04.485Z,Debit,ATM,45010.82,INR,Success
TXN00000842,ACC000759,2023-03-14T03:11:27.000Z,Debit,ATM,4622.7,INR,Success
TXN00000843,ACC000204,2026-03-04T03:36:04.485Z,Withdrawal,Branch,36020.28,INR,Success
TXN00000844,ACC000464,2023-01-17T23:08:17.000Z,Transfer,POS,0,INR,Success
TXN00000845,ACC000694,2023-01-04T15:40:57.000Z,Deposit,Branch,10620.62,INR,Success
TXN00000846,ACC000404,2023-03-14T02:34:16.000Z,Credit,Branch,33547.23,INR,Success
TXN00000847,ACC000197,2023-01-26T21:22:43.000Z,Withdrawal,UPI,0,INR,Pending
TXN00000848,ACC000644,2023-11-13T13:35:01.000Z,Credit,Mobile,73114.9,INR,Success
TXN00000849,ACC000315,2026-02-03T03:36:04.485Z,Debit,ATM,54605.56,INR,Reversed
TXN00000850,ACC000759,2023-11-27T01:40:38.000Z,Deposit,UPI,67572.19,INR,Failed
TXN00000851,ACC000304,2023-05-28T12:13:24.000Z,Deposit,Branch,37248.76,INR,Success
TXN00000852,ACC000832,2023-04-05T22:48:41.000Z,Deposit,Branch,54200.07,INR,Success
TXN00000853,ACC000748,2023-05-01T01:14:22.000Z,Credit,UPI,14377.73,INR,Success
TXN00000854,ACC000473,2023-02-28T11:01:01.000Z,Withdrawal,Net Banking,48174.18,INR,Success
TXN00000855,ACC000296,2023-02-04T06:09:55.000Z,Credit,Mobile,50448.29,INR,Success
TXN00000856,ACC000009,2023-07-08T18:58:18.000Z,Transfer,Net Banking,77294.67,INR,Success
TXN00000857,ACC000250,2023-10-23T06:18:27.000Z,Credit,POS,25341.02,INR,Success
TXN00000858,ACC000808,2023-11-15T03:45:48.000Z,Debit,Net Banking,94660.64,EUR,Failed
TXN00000859,ACC000971,2023-04-02T18:46:53.000Z,Transfer,Branch,91480.6,INR,Success
TXN00000860,ACC000070,2026-03-01T03:36:04.485Z,Credit,POS,29198.35,INR,Pending
TXN00000861,ACC000556,2023-01-24T09:58:02.000Z,Deposit,Branch,82025.84,INR,Reversed
TXN00000862,ACC000104,2023-01-14T06:28:01.000Z,Deposit,ATM,31283.87,INR,Pending
TXN00000863,ACC000296,2023-10-25T13:30:50.000Z,Transfer,UPI,31681.84,INR,Failed
TXN00000864,ACC000096,2023-12-16T03:55:50.000Z,Debit,Branch,90209.53,INR,Success
TXN00000865,ACC000548,2023-01-07T07:15:44.000Z,Deposit,Mobile,93369.18,EUR,Success
TXN00000866,ACC000948,2023-01-15T01:44:32.000Z,Credit,Branch,60685.81,INR,Success
TXN00000867,ACC000640,2023-05-18T21:46:15.000Z,Debit,POS,88145.98,INR,Success
TXN00000868,ACC000121,2026-02-25T03:36:04.485Z,Deposit,Net Banking,4309.95,INR,Success
TXN00000869,ACC000045,2023-03-24T10:54:34.000Z,Deposit,Net Banking,28077.49,USD,Success
TXN00000870,ACC000414,2023-09-17T09:21:40.000Z,Transfer,POS,0,INR,Success
TXN00000871,ACC000608,2023-03-27T09:12:09.000Z,Debit,Branch,3591.63,INR,Success
TXN00000872,ACC000309,2023-03-20T08:40:00.000Z,Credit,Net Banking,29734.36,USD,Pending
TXN00000873,ACC000046,2023-01-24T23:43:08.000Z,Debit,Mobile,50128.84,INR,Pending
TXN00000874,ACC000504,2023-11-02T00:33:42.000Z,Withdrawal,ATM,11849.75,INR,Success
TXN00000875,ACC000507,2026-02-08T03:36:04.485Z,Withdrawal,POS,97678.33,USD,Pending
TXN00000876,ACC000797,2023-07-20T15:12:18.000Z,Deposit,ATM,28237.84,INR,Success
TXN00000877,ACC000350,2023-10-10T11:53:42.000Z,Withdrawal,Branch,27795.92,INR,Success
TXN00000878,ACC000852,2023-10-12T18:44:03.000Z,Debit,POS,50240.59,INR,Reversed
TXN00000879,ACC000797,2023-06-09T04:03:34.000Z,Debit,ATM,57266.75,INR,Success
TXN00000880,ACC000236,2023-02-09T14:16:58.000Z,Deposit,Net Banking,19416.19,INR,Success
TXN00000881,ACC000534,2023-11-08T00:19:09.000Z,Transfer,POS,37701.77,GBP,Success
TXN00000882,ACC000065,2023-03-20T08:42:33.000Z,Credit,POS,76998.29,INR,Pending
TXN00000883,ACC000585,2023-05-16T04:22:04.000Z,Withdrawal,POS,70240.06,INR,Success
TXN00000884,ACC000517,2023-02-18T07:34:38.000Z,Debit,Net Banking,27854.42,INR,Failed
TXN00000885,ACC000687,2023-01-24T10:07:09.000Z,Withdrawal,Branch,31566.02,INR,Success
TXN00000886,ACC000906,2023-07-20T07:58:27.000Z,Credit,Net Banking,19909.28,INR,Success
TXN00000887,ACC000656,2023-10-02T00:09:06.000Z,Withdrawal,Net Banking,5674.67,INR,Failed
TXN00000888,ACC000243,2023-04-10T03:08:03.000Z,Credit,Net Banking,0,USD,Success
TXN00000889,ACC000740,2023-04-17T07:17:22.000Z,Credit,POS,52676.8,INR,Failed
TXN00000890,ACC000879,2023-02-05T00:56:40.000Z,Withdrawal,ATM,57165.16,INR,Failed
TXN00000891,ACC000821,2023-07-08T23:10:12.000Z,Withdrawal,Net Banking,38226.28,INR,Failed
TXN00000892,ACC000857,2023-08-18T17:59:52.000Z,Transfer,ATM,97748.27,EUR,Success
TXN00000893,ACC000084,2023-01-28T04:55:22.000Z,Deposit,Branch,27875.01,INR,Pending
TXN00000894,ACC000301,2023-12-25T06:27:35.000Z,Deposit,POS,29106.3,INR,Success
TXN00000895,ACC000900,2023-02-25T16:15:43.000Z,Transfer,Mobile,96129.23,USD,Success
TXN00000896,ACC000143,2023-08-28T22:34:43.000Z,Deposit,ATM,20757.53,INR,Failed
TXN00000897,ACC000257,2023-07-27T10:01:59.000Z,Debit,Net Banking,66929.8,INR,Success
TXN00000898,ACC000855,2023-03-13T12:06:30.000Z,Transfer,POS,83063.33,INR,Success
TXN00000899,ACC000049,2023-04-04T05:10:24.000Z,Credit,ATM,0,INR,Success
TXN00000900,ACC000590,2023-01-23T03:56:02.000Z,Debit,Net Banking,28327.16,USD,Success
TXN00000901,ACC000168,2023-07-10T19:40:36.000Z,Transfer,Branch,70997.03,INR,Success
TXN00000902,ACC000026,2023-09-04T20:11:55.000Z,Credit,POS,95729.33,INR,Failed
TXN00000903,ACC000292,2023-05-12T20:05:17.000Z,Transfer,ATM,42088.48,INR,Success
TXN00000904,ACC000471,2023-10-09T21:06:53.000Z,Deposit,UPI,41857.7,INR,Success
TXN00000905,ACC000090,2026-02-08T03:36:04.486Z,Debit,POS,93898.38,INR,Success
TXN00000906,ACC000204,2023-02-16T09:13:38.000Z,Debit,POS,57905.92,EUR,Success
TXN00000907,ACC000089,2023-04-26T16:25:35.000Z,Transfer,POS,56163.76,INR,Success
TXN00000908,ACC000577,2023-02-12T13:47:42.000Z,Debit,POS,60808.67,INR,Success
TXN00000909,ACC000268,2023-10-27T14:51:31.000Z,Credit,ATM,93096.74,INR,Success
TXN00000910,ACC000191,2023-09-03T19:45:29.000Z,Credit,ATM,10238.8,INR,Success
TXN00000458,ACC000010,2023-10-21T05:00:19.000Z,Credit,Branch,9537.13,INR,Failed
TXN00000410,ACC000241,2023-09-13T13:30:04.000Z,Transfer,Branch,48325.79,INR,Success
TXN00000468,ACC000494,2026-03-01T03:36:04.484Z,Transfer,Branch,0,USD,Success
TXN00000226,ACC000790,2026-02-07T03:36:04.483Z,Withdrawal,Net Banking,74109.11,INR,Success
TXN00000172,ACC000886,2023-09-06T21:19:20.000Z,Debit,Net Banking,42457.62,INR,Success
TXN00000693,ACC000186,2023-05-27T14:20:09.000Z,Debit,POS,90479.89,INR,Success
TXN00000482,ACC000327,2023-05-27T18:36:18.000Z,Debit,ATM,80080.8,INR,Success
TXN00000546,ACC000922,2023-04-04T11:24:54.000Z,Transfer,POS,68515.84,INR,Success
TXN00000774,ACC000951,2023-10-19T14:42:13.000Z,Debit,POS,87552.16,INR,Failed
TXN00000286,ACC000410,2026-02-24T03:36:04.484Z,Debit,ATM,72053.84,INR,Success
TXN00000423,ACC000100,2023-02-13T15:25:17.000Z,Withdrawal,Net Banking,33494.79,INR,Success
TXN00000702,ACC000994,2023-02-10T20:05:03.000Z,Withdrawal,Net Banking,0,INR,Reversed
TXN00000205,ACC000791,2023-12-04T15:01:34.000Z,Transfer,Mobile,33842.35,INR,Success
TXN00000174,ACC000563,2023-01-05T18:15:43.000Z,Credit,Mobile,13119.89,INR,Success
TXN00000512,ACC000901,2023-10-08T20:19:18.000Z,Withdrawal,POS,75014.51,INR,Success
TXN00000245,ACC000234,2023-10-22T04:50:52.000Z,Credit,UPI,21025.47,INR,Success
TXN00000320,ACC000626,2023-04-17T23:21:35.000Z,Withdrawal,UPI,77766.35,INR,Success
TXN00000187,ACC000251,2023-05-27T08:05:03.000Z,Credit,Branch,15120.25,INR,Success
TXN00000442,ACC000530,2023-02-09T21:34:02.000Z,Transfer,POS,78959.91,INR,Success
TXN00000860,ACC000070,2026-03-01T03:36:04.485Z,Credit,POS,29198.35,INR,Pending
TXN00000588,ACC000965,2023-06-21T12:40:21.000Z,Debit,UPI,47099.31,INR,Failed
TXN00000194,ACC000252,2023-03-26T00:17:26.000Z,Debit,Branch,16337.37,INR,Success
TXN00000597,ACC000243,2023-01-13T19:59:09.000Z,Deposit,Mobile,37972.43,INR,Success
TXN00000759,ACC000717,2023-05-15T19:22:21.000Z,Deposit,Branch,80444.66,INR,Success
TXN00000173,ACC000918,2023-05-13T23:24:31.000Z,Withdrawal,UPI,97445.64,INR,Success
TXN00000737,ACC000882,2023-11-26T15:15:31.000Z,Credit,Branch,39063.57,INR,Success
TXN00000264,ACC000063,2023-03-06T09:25:21.000Z,Deposit,Mobile,83092.22,INR,Success
TXN00000493,ACC000315,2023-10-09T19:51:42.000Z,Debit,Branch,71373.62,USD,Success
TXN00000182,ACC000646,2023-03-20T14:41:18.000Z,Deposit,Net Banking,63404.12,INR,Failed
TXN00000233,ACC000674,2023-01-28T20:14:39.000Z,Debit,Net Banking,83162.6,INR,Success
TXN00000284,ACC000189,2023-07-27T21:42:18.000Z,Debit,Mobile,3754.02,INR,Reversed
TXN00000582,ACC000473,2023-08-12T15:49:47.000Z,Deposit,Mobile,19240.41,INR,Success
TXN00000728,ACC000619,2023-09-19T17:52:22.000Z,Withdrawal,ATM,54501.87,INR,Success
TXN00000720,ACC000483,2023-05-22T12:28:18.000Z,Transfer,Branch,60652.07,INR,Success
TXN00000171,ACC000888,2023-01-05T08:19:18.000Z,Transfer,Net Banking,40238.97,INR,Reversed
TXN00000884,ACC000517,2023-02-18T07:34:38.000Z,Debit,Net Banking,27854.42,INR,Failed
TXN00000717,ACC000565,2023-12-07T01:05:40.000Z,Deposit,Branch,80301.26,INR,Success
TXN00000330,ACC000033,2023-08-15T03:37:26.000Z,Deposit,UPI,11418.36,INR,Success
TXN00000416,ACC000242,2023-12-07T04:14:31.000Z,Deposit,POS,11130.82,INR,Success
TXN00000631,ACC000370,2023-11-09T09:15:08.000Z,Deposit,Mobile,49508.26,USD,Success
TXN00000120,ACC000286,2023-02-01T05:27:45.000Z,Transfer,Mobile,11033.5,INR,Success
TXN00000601,ACC000742,2023-06-16T13:17:57.000Z,Debit,UPI,31601.08,INR,Failed
TXN00000310,ACC000258,2026-02-09T03:36:04.484Z,Credit,POS,4420.19,INR,Success
TXN00000857,ACC000250,2023-10-23T06:18:27.000Z,Credit,POS,25341.02,INR,Success
TXN00000119,ACC000964,2023-12-02T19:30:33.000Z,Debit,ATM,83849.52,EUR,Success
TXN00000288,ACC000630,2023-10-22T22:20:21.000Z,Withdrawal,Net Banking,25665.02,INR,Success
TXN00000845,ACC000694,2023-01-04T15:40:57.000Z,Deposit,Branch,10620.62,INR,Success
TXN00000787,ACC000384,2023-03-18T20:01:16.000Z,Withdrawal,POS,27307.03,INR,Success
TXN00000340,ACC000884,2023-03-22T13:10:35.000Z,Credit,Mobile,34401.57,INR,Success
TXN00000883,ACC000585,2023-05-16T04:22:04.000Z,Withdrawal,POS,70240.06,INR,Success
TXN00000548,ACC000649,2023-09-09T10:32:56.000Z,Deposit,POS,71800.71,INR,Success
TXN00000231,ACC000029,2023-02-22T07:35:17.000Z,Transfer,UPI,61659.63,GBP,Success
TXN00000549,ACC000990,2023-10-19T13:09:42.000Z,Withdrawal,Mobile,7597.28,INR,Failed
TXN00000483,ACC000781,2023-06-27T23:00:26.000Z,Deposit,POS,56332.67,INR,Success
TXN00000281,ACC000117,2023-05-13T02:39:36.000Z,Deposit,Mobile,94720.06,INR,Success
TXN00000269,ACC000878,2023-06-24T19:59:40.000Z,Credit,Net Banking,28162.33,GBP,Success
TXN00000483,ACC000781,2023-06-27T23:00:26.000Z,Deposit,POS,56332.67,INR,Success
TXN00000654,ACC000126,2023-02-26T07:11:58.000Z,Debit,Mobile,65539.89,INR,Success
TXN00000670,ACC000627,2023-11-20T17:42:15.000Z,Deposit,Mobile,7608.31,INR,Success
TXN00000595,ACC000622,2023-11-03T04:14:07.000Z,Deposit,Net Banking,40202.61,INR,Success
TXN00000756,ACC000427,2023-04-27T00:36:42.000Z,Credit,POS,14370.28,GBP,Success
TXN00000119,ACC000964,2023-12-02T19:30:33.000Z,Debit,ATM,83849.52,EUR,Success
TXN00000442,ACC000530,2023-02-09T21:34:02.000Z,Transfer,POS,78959.91,INR,Success
TXN00000702,ACC000994,2023-02-10T20:05:03.000Z,Withdrawal,Net Banking,0,INR,Reversed
TXN00000842,ACC000759,2023-03-14T03:11:27.000Z,Debit,ATM,4622.7,INR,Success
TXN00000720,ACC000483,2023-05-22T12:28:18.000Z,Transfer,Branch,60652.07,INR,Success
TXN00000609,ACC000245,2023-08-18T21:37:13.000Z,Deposit,POS,23409.53,INR,Success
TXN00000320,ACC000626,2023-04-17T23:21:35.000Z,Withdrawal,UPI,77766.35,INR,Success
TXN00000607,ACC000639,2023-07-01T17:09:39.000Z,Credit,Mobile,962.18,GBP,Failed
TXN00000895,ACC000900,2023-02-25T16:15:43.000Z,Transfer,Mobile,96129.23,USD,Success
TXN00000548,ACC000649,2023-09-09T10:32:56.000Z,Deposit,POS,71800.71,INR,Success
TXN00000382,ACC000135,2026-03-03T03:36:04.484Z,Withdrawal,ATM,80073.77,INR,Success
TXN00000201,ACC000326,2023-03-14T11:07:49.000Z,Withdrawal,ATM,34976.4,INR,Success
TXN00000521,ACC000868,2023-03-01T11:39:55.000Z,Deposit,ATM,90739.44,INR,Failed
TXN00000693,ACC000186,2023-05-27T14:20:09.000Z,Debit,POS,90479.89,INR,Success
TXN00000122,ACC000734,2026-02-18T03:36:04.483Z,Deposit,Net Banking,8191.82,INR,Success
TXN00000372,ACC000262,2023-01-08T04:51:12.000Z,Debit,Net Banking,0,INR,Success
TXN00000560,ACC000238,2023-04-14T17:48:20.000Z,Transfer,Branch,25295.27,INR,Success
TXN00000109,ACC000185,2023-05-17T03:06:00.000Z,Credit,UPI,78779.05,INR,Failed
TXN00000509,ACC000414,2023-02-02T08:46:00.000Z,Withdrawal,UPI,0,INR,Success
TXN00000783,ACC000857,2026-02-09T03:36:04.485Z,Withdrawal,POS,95949.44,INR,Success
TXN00000722,ACC000719,2026-02-24T03:36:04.485Z,Debit,UPI,0,INR,Success
TXN00000682,ACC000897,2023-08-16T16:47:34.000Z,Debit,Branch,11736.88,GBP,Failed
TXN00000428,ACC000081,2023-04-12T08:31:33.000Z,Transfer,Net Banking,84870.58,USD,Failed
TXN00000399,ACC000415,2023-11-20T14:10:13.000Z,Withdrawal,UPI,30958.33,INR,Success
TXN00000732,ACC000854,2023-11-05T03:32:50.000Z,Transfer,Mobile,44590.59,INR,Success
TXN00000492,ACC000591,2023-05-08T10:38:09.000Z,Deposit,Mobile,30255.36,INR,Reversed
TXN00000242,ACC000526,2023-03-21T11:09:58.000Z,Deposit,POS,8932.24,INR,Success
TXN00000482,ACC000327,2023-05-27T18:36:18.000Z,Debit,ATM,80080.8,INR,Success
TXN00000319,ACC000960,2023-02-06T10:54:30.000Z,Debit,ATM,0,INR,Success
